Dates,Stock1,Stock2,Stock3,Stock4,Stock5,Stock6,Stock7,Stock8,Stock9,Stock10,Stock11,Stock12,Stock13,Stock14,Stock15,Stock16,Stock17,Stock18,Stock19,Stock20,Stock21,Stock22,Stock23,Stock24,Stock25,Stock26,Stock27,Stock28,Stock29,Stock30,Stock31,Stock32,Stock33,Stock34,Stock35,Stock36,Stock37,Stock38,Stock39,Stock40,Stock41,Stock42,Stock43,Stock44,Stock45,Stock46,Stock47,Stock48,Stock49,Stock50,Stock51,Stock52,Stock53,Stock54,Stock55,Stock56,Stock57,Stock58,Stock59,Stock60,Stock61,Stock62,Stock63,Stock64,Stock65,Stock66,Stock67,Stock68,Stock69,Stock70,Stock71,Stock72,Stock73,Stock74,Stock75,Stock76,Stock77,Stock78,Stock79,Stock80,Stock81,Stock82,Stock83,Stock84,Stock85,Stock86,Stock87,Stock88,Stock89,Stock90,Stock91,Stock92,Stock93,Stock94,Stock95,Stock96,Stock97,Stock98,Stock99,Stock100
04-01,37.3,52.5,23.05,40.15,30.5,71.1,13.1,23.55,15.94,19.66,4.1,13.72,,4.93,22.05,44.7,4.55,102.1,125.1,40.35,42.75,28.85,36.1,11.46,9.18,213,19.64,15.3,61.7,21.5,11.32,7.24,,57.5,6.61,12.18,,8.01,7.6,,37.85,146.5,58,103,42.2,27.6,91,3.99,4.63,22,47.55,,15.84,25,147.9,2.55,385.2,,50.05,42.85,2.92,110.9,8.44,4.08,,56.6,235.2,44.45,121,11.7,4.23,26.15,29.05,5.85,335,84.2,,,16.9,14.66,8.75,57.65,4.8,22.05,11.2,90,,123.7,138.9,2.66,179.9,4.19,22.15,,6.25,53.65,2.75,,40.45,100
04-02,36.7,52.5,23.3,40.25,30.65,71.6,12.64,23.3,15.88,19.66,4.12,13.46,17.48,4.98,22.5,43.7,,98.8,,39.05,42.3,28.4,35.5,11.48,9,208.4,19.56,15.6,59.45,21.55,11.34,7.22,,56.9,6.65,12.16,4.93,8.4,7.46,,37.15,141.3,58.4,100.6,42.35,27.2,89.95,3.99,4.68,,47.95,,15.32,24.1,144.7,2.56,371.6,,,,2.93,110.9,8.31,,,56.1,228,,118.5,11.56,4.2,26.25,28,6.03,332.2,83.05,,,16.96,14.74,,57.35,4.75,21.8,11.48,,,123,136.3,2.5,177,4.14,21.55,,6.62,53.2,2.77,,39.3,97
04-03,,51.4,23.5,,30.85,69.75,12.9,23.25,16.02,20.6,4.17,14.12,17,4.97,23.15,45.75,4.56,99.5,125,,,,37.25,,9.34,205.4,,16.7,60.15,21.5,11.44,7.3,,57.95,6.78,12.54,5.05,9.12,7.45,57.5,38.5,145.7,58.35,99.7,44.2,,92.5,4.02,,,,,15.42,24.9,146.1,2.6,375.2,,50,42.9,2.94,,8.24,3.98,,56.5,229.4,,119.7,,4.25,26.9,28,6.1,334.2,83.25,,43.7,,,8.79,58.9,,22,11.58,91.35,23.15,124.5,138.6,2.5,181.5,4.2,22.95,27.35,6.65,52.2,2.81,,39.8,95.05
04-04,36.35,51.7,23.9,40.2,31,68.65,12.56,22.85,16.1,20.5,4.19,14.02,16.78,5.02,23.55,45.65,4.71,92.1,127,39.5,43.1,29.9,,11.8,9.35,183.4,20.5,16.78,56.5,21.5,11.68,7.24,,56.9,6.8,12.8,5.04,9.08,7.52,57.55,36.5,138,60.8,96.75,42.6,27.45,89.5,4.06,4.72,21.55,48.35,7.97,15.26,24.8,138.8,2.6,355.6,42.35,50.75,43.05,2.95,111.9,8.33,3.88,,57,225.6,,122,11.46,4.25,27.25,27.65,5.8,325.6,82.85,37,42.9,17.72,14.88,8.72,59,4.83,21.55,10.22,86.9,21.05,129.2,133.9,2.46,171,4.23,22.95,27.7,6.67,52.85,2.79,76.4,,93.7
04-05,36,52,24.4,40.3,31.1,67.45,12.42,23,15.62,20.65,4.15,13.88,16.38,4.93,24.1,44.55,4.8,92.75,125.2,39.5,42.75,29.85,36.95,12,9.35,178.8,,16.46,55.05,21.65,11.5,7.22,8.91,55.75,6.72,12.72,4.88,9,7.44,57.2,36.2,136.4,60.15,92.35,,27.85,86.05,4.01,4.71,,47.65,,15.78,24.4,138.7,2.58,350.8,42.2,50.25,42.7,2.93,111.9,8.36,3.75,12.72,56.5,224.4,43.7,119.2,11.38,4.2,27.45,27.5,5.8,329,81.6,36.85,43.9,17.6,14.7,8.56,58.2,4.78,21.5,12.86,86.4,22,130.6,133.9,2.44,173.4,4.19,22.25,27.3,6.62,53.05,2.78,,39.2,93.95
04-08,36.1,53.2,24.1,39.7,31.5,67.05,12.06,,15.62,20.35,4.13,13.68,16.3,4.92,24.6,44.7,4.71,93.25,129.7,,,29.4,36.95,12.5,9.24,183.8,20.1,15.7,54.75,21.65,11.5,7.2,8.91,55.5,6.68,12.58,4.88,8.85,7.33,,35.9,135.3,59.2,78.65,42.8,27.25,86,4,4.7,,47.3,7.71,15.46,23.75,137.9,,351,,49.5,42,2.92,110.7,8.38,3.81,,56.1,225,,119.2,11.3,4.16,26.85,27.4,5.9,324.6,81,,44,,,8.78,58.2,4.78,20.8,12.66,,,130,130.4,2.4,173.5,4.17,21.8,26.55,6.61,51.55,2.77,,,95.1
04-09,,53.25,23.9,39.75,30.5,66,11.86,22.85,,20.05,4.1,13.4,15.98,4.86,24,43.65,4.52,88,129.2,37.9,42.3,28.55,35.65,11.26,9.29,176,19.78,15.2,51.8,,11.32,7.15,8.89,53.75,6.5,11.84,4.81,8.58,7.3,,33.5,130.8,59.3,79,41,26.9,84.5,3.99,4.68,,47.55,7.55,15.72,23.05,132.3,2.56,345,,49.4,42.2,2.91,107.9,8.28,,,56.8,219.8,42.5,117.1,10.56,4.11,26.55,27.5,5.65,315.2,79.25,,43.5,,,8.83,57.65,4.75,20.7,13.38,83.15,23,127.5,122.9,2.48,161.9,4.11,21.05,25.95,,50.1,2.76,74.65,37.7,93
04-10,35.7,52.9,24.15,39.85,30.45,67.35,11.94,23.75,,20.15,4.12,13.6,15.64,4.87,24.5,42.45,4.49,88.25,130.4,37.85,42.1,27.95,35.6,11.14,9.09,177.5,19.46,15.34,53.3,20.85,11.2,7.06,8.86,54,,11.94,4.8,8.5,7.32,57.65,34.3,137,59.45,78.3,39.95,,85.5,3.96,4.71,,47.35,7.55,15.4,23.25,138.3,2.5,352.2,39.7,49.95,42.2,2.91,108.2,8.27,,12.82,55.7,214.2,42.65,113.8,10.82,4.11,26.7,27.85,5.74,318.8,83.05,,44.1,17.02,,8.68,57.8,4.71,21.25,13.8,,,128.8,124.3,2.58,158.8,4.06,20.85,,6.31,51.3,2.77,76.8,38,92.7
04-11,34.55,52.35,23.75,39.45,30.2,66.95,11.88,23.7,15.14,19.38,4.03,13.34,16.24,4.8,23.65,42.9,,86.7,126.8,38.2,42,27.5,34.8,10.48,8.38,174.1,19.36,14.56,52.55,20.9,10.98,6.9,8.63,53.5,6.38,11.88,4.71,8.4,7.36,58.05,35.5,135,59.85,78.3,40,27.5,85.65,3.92,4.55,21.7,47,7.6,15.2,22.4,135.3,2.48,347.4,39.35,49,41.4,2.88,107.2,8.18,3.86,12.66,55.55,213.6,42.6,111.3,10.24,4.04,26.4,27.45,5.6,314.6,84.2,36.1,43.6,16.9,14.52,8.43,59,4.65,21.4,12.6,83.55,22.8,127.6,124,2.54,154.9,4.01,20.9,25.75,6.6,51.6,2.72,,37,89
04-12,35.85,53.9,24,39.8,31.95,71.05,12.36,24.5,15.44,20.45,4.11,14.06,,4.9,24,44.75,4.64,88.6,128.3,40.15,42.6,28.55,35.7,10.78,8.74,178.8,20.25,15.02,54.5,21.3,11.26,7.02,8.82,56.9,6.43,12.46,4.82,8.78,7.36,61.95,35.6,141,58.05,81.6,41.5,28.4,89.75,4,4.73,22.3,47.65,,15.5,24.2,140.6,2.55,368.2,40.6,49.8,41.9,2.95,107.8,8.45,3.91,12.84,56.35,221.2,44.3,112.2,10.5,4.15,26.65,28.05,5.9,328.2,86.3,35.85,44.45,17.12,,8.5,60.1,4.74,21.85,13.56,87.45,,127.8,128.1,2.69,155.1,4.09,21.9,26.75,6.5,51.8,2.77,,38.6,95.8
04-15,35.95,53.2,24.5,40.25,32.9,72,12.84,24.75,15.34,20.2,4.16,14.3,16.24,5.02,23.75,44.9,4.78,89.5,138,40.65,42.2,28.8,36.5,10.82,9.07,185.6,20.5,15.76,57.45,21.5,11.38,7.3,,57.55,6.54,12.86,4.94,8.86,7.35,62.2,37.15,148.3,58.25,84,43.5,28,89.8,4.1,,22.6,48.2,8.2,,25,145.3,2.6,372.2,40,49.65,42.15,2.98,108.1,8.88,3.94,,56.65,226.2,43.85,115,10.66,4.18,27.05,27.8,6.11,340.8,87.5,35.95,44.5,17.46,,8.75,61.4,4.8,22,13.7,88.45,24.75,,134.5,2.74,168.5,4.2,,,6.44,51.15,2.82,,40.05,96.75
04-16,34.8,52.9,24.45,40.4,33.6,68.5,12.42,23.55,15.5,20.4,4.24,13.72,16.86,4.95,23.75,43.8,4.72,87.35,136,41.7,42.5,28.2,36.7,10.7,8.91,188,20.6,16.28,58.75,21.8,11.6,7.31,8.82,56.8,6.7,12.82,5.02,8.76,7.19,60.1,37.4,149.4,57.7,83.05,43.25,28.1,87.75,4.06,4.72,22.85,47.8,8.35,15.4,24.35,141,2.61,364,38.9,49.55,42.25,2.97,107.2,8.92,4.08,,56.7,225.2,44,116,10.62,4.2,27.05,27.5,5.98,336.2,86.05,36.05,43.3,,,8.66,61.8,4.78,22,13.2,86.7,25,126.4,134.3,2.67,173.9,4.35,21.9,27.2,6.59,50.6,2.79,82.45,,93.4
04-17,35.35,54.5,24.65,40.85,33.55,69.05,12.42,24.1,15.7,20.75,4.3,13.82,17.3,5.03,23.35,42.35,,89,136.8,42.45,42.65,27.4,37.5,10.72,9.23,188.4,20.05,15.84,57.35,22.4,12.02,7.57,9.05,55.2,6.7,12.54,4.98,8.79,7.29,,37.2,147.5,58.15,83.9,44.1,28.1,88.2,4.12,4.74,,48.6,8.33,15.44,24.6,141.1,2.6,362.8,38,49.9,43.1,3.01,109,8.89,4.24,13.1,57.95,227,,117.3,10.64,4.3,27.4,28.1,5.96,340,86.85,,44.6,17.02,15.2,8.75,63.3,4.86,22.2,15.44,84.8,24.5,127,135.4,2.65,173.2,4.51,21.6,,6.84,50.65,2.85,,,93.6
04-18,34.8,53.55,24.85,40.25,32.5,67.05,12.36,23.25,15.96,20.4,4.42,13.68,16.74,5.05,23.9,42,4.65,87,136,41.5,42.55,26.65,37.55,10.6,9.22,182,19.6,15.6,54.45,22.15,12.18,7.52,9.02,54.25,6.8,12.36,5.06,,7.2,,34.5,141.1,58,80.5,,27.85,89,4.12,4.76,20.4,48.65,8.18,14.52,23.8,135.1,2.6,350,37.1,49.7,42.7,2.99,107.8,8.66,,,58.1,220,,116.3,10.52,4.26,27.05,27.5,5.7,330.4,85.45,,43.65,,15.02,8.55,61.75,4.87,22.15,15.3,82.95,,125.4,133,2.5,160.3,4.61,21.7,26.5,6.95,49.5,2.84,,40,91.65
04-19,,52.45,24.4,40.25,32.9,65.85,12,23.3,15.7,20.05,4.45,13.5,16.94,5,23.05,40.5,4.62,86.3,133.3,,42.45,26.35,36.7,10.16,9.01,182.9,19.34,14.72,54.1,22.35,12.06,7.51,8.9,53.25,6.93,12.26,,8.64,7.2,,33.75,140,58.35,80,40,,84,4.14,4.61,,48.25,8.26,14.08,22.85,131.1,2.56,348,35.75,50.6,42.55,2.98,106.4,8.67,,,57.45,220.2,43.7,112,10.24,4.2,27.2,27.4,5.69,330,85.5,,44.5,,,8.11,62,4.85,22,14.3,81,24.1,124.2,129.7,2.5,158,4.59,21.2,25.05,6.98,48.75,2.83,,39.5,89.2
04-22,33.6,52.5,24.05,40,32.4,63.8,11.56,23.6,,19.38,4.37,13.18,16.6,4.92,22.65,39.15,4.48,81.5,,38.5,42,25.7,35.15,9.59,8.97,161.5,18.9,14.06,51.55,22.1,12.08,7.32,8.83,52.1,6.61,11.7,4.9,,7.11,58.65,32.65,128.2,57.4,81.65,39,27.7,80.3,4.11,4.55,19.5,48.5,9.16,13.6,21.95,125.9,2.5,333,34.7,49.8,42.25,2.95,104.1,8.62,3.97,,56.05,215,,107.1,9.82,4.22,27.3,27,5.45,320.2,85.4,34.9,44.4,15.7,,7.88,63.05,4.78,22,14.9,79,21.95,123.2,127.4,2.45,146,4.55,20.65,24.85,6.61,47.5,2.8,,37.1,88
04-23,33.1,50.7,24.15,39.75,32.25,64.25,11.42,23.2,14.54,19.1,4.36,12.96,16.18,4.87,,39.7,4.45,82.4,133.3,39,42.05,25.2,34.8,9,8.69,159,18.88,13.92,51.4,21.7,11.68,7.31,8.75,51.35,6.64,11.94,4.83,8.15,7.05,58.4,32.95,131.5,55.45,83.35,39.3,27.4,80,4.05,4.47,19.48,47.3,,13.72,21.7,129.1,2.51,340.4,33.75,48.8,42.4,2.91,102,8.47,,13.16,55.45,201,40.65,107.9,9.45,4.21,27.05,26.1,5.38,317,83.7,,44.3,15.36,13.98,7.84,62.7,4.7,21.6,14.46,80.35,21.8,117,131.3,2.52,155,4.59,20.75,25.45,6.73,47.65,2.78,78.85,38.05,87.2
04-24,33.7,52.3,25.1,39.65,32.2,65.3,11.5,24.1,14.6,19.2,4.43,13.18,16.3,4.98,23.05,40,4.5,81.5,123.8,39.15,42.75,25.95,34.4,8.58,8.75,157.6,18.64,14.36,52.05,21.45,11.96,7.41,8.79,52,,12.9,4.97,8.31,7.07,61.15,33.1,132.3,54.3,84.3,40,,78,4.15,4.58,19.18,50,9.22,14.2,21.1,127.7,2.54,341.4,33.85,49.25,42.8,2.94,,8.54,,13.46,55.95,202.6,,108.9,9.19,4.22,26.7,26.95,5.5,322.4,83.55,35.15,44.9,15.46,,7.77,64.75,4.77,22.05,14.12,,22.25,119,131.7,2.53,165,4.79,21.45,26.55,6.85,48.55,2.81,,39,87.55
04-25,33.5,51.5,25.15,39,33,65.05,11.2,23.6,14.72,18.98,4.32,12.74,16.1,4.94,22.9,39.85,,82.7,123,39.5,43.7,25.8,34.15,8.33,8.7,158.9,18.52,13.68,51.35,22,11.66,7.48,8.79,51.7,6.63,12.66,4.89,8.11,7.2,,31.25,134.5,54.65,84.05,41.1,27.7,80.25,4.14,4.6,19.94,48.85,8.6,14,20.45,127.9,2.54,350.4,32.45,49.9,44,2.94,106.3,8.4,,,,196.9,41,105.9,9.08,4.21,26,27.1,5.45,326.6,82.6,,43.95,15.4,,7.75,64,4.77,21.5,13.2,79.5,20.85,117.4,134.8,2.56,169.1,4.68,21.05,,,48.75,2.82,,38.5,84.95
04-26,33.45,50.65,25.25,38.8,32.4,64.65,10.82,23.25,,19.26,4.25,12.82,16.5,5.04,22.6,39.7,4.44,80.2,,42.3,43.4,25.35,,8.22,8.63,154.7,18.3,13.7,49.8,22,11.42,7.38,8.86,50.1,6.6,12.22,4.9,8.01,7.14,60.9,31.6,131.3,53.4,82.65,43.95,27.5,78.15,4.22,4.57,20.05,49.05,8.55,,20.75,124.5,2.55,340.4,32.55,49.65,44.15,2.97,103.8,8.72,4.13,13.9,57.25,196,40.75,103.7,9.09,4.23,25.6,26.15,5.56,326,76.5,,44.5,15.4,14.88,7.95,63.9,4.8,21.15,12.18,77,,117.3,132.2,2.52,165.5,4.64,21,,6.81,48,2.83,,,
04-29,33.4,51,25.15,38.45,32.6,64.05,11.08,23.35,14.58,19.34,4.19,12.88,,5.12,21.85,40.7,4.12,81.4,130.2,43.2,43.2,26.05,35.55,8.62,8.68,157.8,,13.78,52.8,23.8,11.4,7.39,,51.15,6.5,11.96,5.06,,7.28,,32.5,135,54,86,46.8,27.4,80,4.27,4.52,20.15,49.9,8.45,13.84,21.8,128.7,2.54,340.8,32.55,48.65,43.15,3.01,104.5,8.63,4.23,14,57.8,202.6,40.75,109.1,9.25,4.29,25.2,26.9,6.06,330.2,77.2,35,44.6,15.76,14.6,8.03,64.7,4.84,21.25,12.48,75.7,21.2,116,135,2.54,173.5,4.66,21.25,,7.26,49.85,2.88,79.3,38.05,87.3
04-30,33.5,51.4,25.1,38.15,34.55,56.5,11.22,23.55,15.22,19.76,4.33,13.18,16.54,5.07,21.8,40.2,4.08,80.95,130.2,41.65,42.65,25.3,35.75,8.48,8.77,152.4,18.72,13.9,53.05,23.65,11.5,7.44,9.02,51.05,6.67,12.34,5.07,7.95,7.13,61.7,34.5,146.5,52.7,86.65,45.75,27.8,80.05,4.22,4.56,19.5,48.8,8.54,13.98,21.85,129.2,2.61,337,33.4,46.95,42.65,3.01,105.3,8.89,4.33,14.38,57.25,203,40.7,106.6,9.26,4.36,25.35,26.6,5.98,333,77.65,34.8,44,15.86,14.5,7.88,66,4.84,21.3,13.5,75.2,21.45,115.7,135.5,2.72,175,4.84,21.6,26.8,7.25,49.5,2.87,80.2,37.55,89
05-01,32.65,50.5,25.1,37.95,33.95,55.8,11.06,22.45,15.18,19.54,4.26,,16.36,5.03,22,39.5,4.17,79.35,127.5,38.4,42.3,25.15,,8.5,8.4,149.4,,13.6,53.25,22.85,11.36,7.47,8.9,50.75,6.4,12.52,5,7.89,7.07,59.45,35.45,146.2,52,85.85,43.4,26.8,78,4.16,4.42,,48.75,8.85,14.12,21.4,129.6,2.58,334.8,,46.6,42.25,3.02,104.4,8.84,,,57.4,199.1,40.1,104.4,9.25,4.29,24.7,26.3,5.85,327.4,77.5,,,,,7.72,64,4.82,21.05,13.24,74.05,20.65,114.2,131.3,2.7,182.8,4.7,21.85,27.55,6.9,49.8,2.89,,,89
05-02,33.3,50.9,25.2,37.65,35,59.05,11.32,23.2,14.66,19.54,4.28,13,16.46,5.01,22.1,40.35,4.39,82.2,,41.2,41.25,25.85,35.45,8.86,8.73,155,18.7,13.7,53.85,23,11.42,7.48,8.91,50.95,6.59,12.44,4.97,7.99,6.93,61.8,38.6,147.9,52.9,87.55,44.5,26.5,82.1,4.18,4.42,19.6,48.15,9.05,14.9,21.5,131.4,2.58,347,,46.75,41.55,2.98,105.4,8.84,4.16,14.2,56.6,203.4,40.4,105.2,9.71,4.4,24.95,26.6,5.99,325.8,78.8,35.6,44.05,15.66,14.36,8.14,62.95,4.83,21.1,13.36,81,21.55,113.1,134.7,2.7,180.3,4.72,21.6,,7.13,49.4,2.84,,,92
05-03,33.6,51.9,25.5,38.4,34.8,60.8,11.42,23.65,14.92,20,4.36,13.2,17.22,5.07,22.4,40.6,4.47,82.55,140.2,38.4,41.7,25.45,36.05,9.04,8.68,151.6,,13.8,54,22.75,11.44,7.51,9.13,51.7,6.45,12.54,4.96,7.8,6.97,60.85,38.2,145.5,53.7,86.05,42.6,26.7,82.95,4.24,4.49,18.5,49.25,8.83,15,22.6,130.7,2.61,353.6,35.1,47.05,42.05,3.02,108,8.81,4.16,14.26,56.9,207,40.85,104.1,9.78,4.45,25.4,27.2,5.95,332.8,79.25,35.45,44.95,15.42,14.36,8.28,63.7,4.9,21.55,12.52,80.5,21.4,114.9,134.4,2.7,179.4,4.78,21.15,27.9,7.19,50,2.89,82.4,38.1,93
05-06,33.35,51.35,25.8,37.9,35.35,60.9,12.22,23.6,14.84,19.88,4.37,13.2,16.92,5.09,22.8,40.4,4.54,85.45,152.1,38.5,41.5,25.5,35.45,9.32,8.96,155.8,18.68,14,56.05,22.7,11.42,7.69,9.1,51.9,6.35,13,5.02,8.07,6.95,62.15,39.3,148.5,52.2,85.5,42.15,26.85,85.4,4.23,4.46,19.1,48.5,8.5,14.82,22.3,140.8,2.66,380,35.85,46.4,42.2,3.03,105.8,9.25,4.2,14,56.75,211,40.4,100,10.08,4.39,25.5,26.95,6.11,341.4,80.65,37.4,44.65,15.66,,7.7,62.7,4.93,21.45,12.5,81.7,21.9,115,140.1,2.87,190.4,4.82,21.5,29.6,6.91,50,2.9,81.85,38.55,96.4
05-07,34.85,51.65,24.6,37.8,35,59.8,12.12,,15.34,19.68,4.18,13.06,16.8,5.06,24.75,40.05,,86.35,150,,42,25.5,35.3,9.15,8.98,157.6,,13.72,56.9,22.85,11.32,7.59,9.06,52,6.2,12.92,4.8,7.87,6.94,63.05,38.3,156.9,51.95,85,41.1,27,85.45,4.23,4.49,18.8,48.7,8.5,15.2,22.3,138,2.61,374.6,37,47.3,42.25,3,107.4,9.18,4.2,14.22,56.1,211.2,39.35,102,10,4.35,24.95,26.7,6.42,340.8,80.25,36,44.9,15.5,14.18,7.64,62.55,4.87,21.45,11.78,83.2,21.55,113.5,141.8,2.95,188.1,4.5,20,29.2,6.97,50.25,2.87,81.8,37.95,97
05-08,33.85,52.4,24.35,37.85,34.6,58.5,12,24.55,14.74,19.14,4.32,12.96,16.7,5.01,25.45,39.9,4.64,85.1,150,39.35,41.7,25.45,34.65,,9.02,157,18.28,13.6,56.15,22.75,11.5,7.49,9.01,51.25,6.15,12.76,4.78,7.43,6.87,63.85,39,153,52.6,85.3,41.5,27,81.5,4.2,4.49,19.2,48.45,8.51,15.3,21.1,128,2.57,366.8,38.15,47.7,,3,108.7,9.04,,13.44,56,210.8,38.5,102,9.77,,24.75,26.4,6.35,338.4,81.4,36.45,45.5,15.48,13.48,7.74,62.4,4.81,21.25,11.28,86,21.15,111.1,140.1,2.81,191,4.62,20.45,27.3,7.25,50.5,2.88,82.2,39,94.2
05-09,34.1,51.95,24.3,37.65,34.05,60,12.5,24.55,14.8,19.12,4.35,13.16,16.78,5.07,25.7,40.45,4.66,96.85,151.8,38.75,41.95,25.7,35.6,9.6,9.05,166.2,18.82,14,57.3,23.65,11.58,8.19,9.18,52.5,6.24,13.18,4.81,7.39,6.92,64.4,40.9,157.1,52.95,84.65,41.2,27,79.4,4.25,4.5,18.54,48.95,8.46,15.8,21.85,140,2.64,397,37.9,47.7,42.5,3.03,109.6,9.19,4.21,12.8,56.4,217,40,106,10.2,4.34,25.1,26.45,6.45,345,83.55,35.85,46.1,15.78,13.42,7.6,62,4.94,21.4,12.58,86,21.25,112.5,144,2.72,198.9,4.7,21,27.2,7.29,50.25,2.89,82.2,38.25,95.3
05-10,33.75,,23.85,37.85,35,60.9,12.04,24.25,14.54,19.06,4.43,12.86,16.66,5.1,25.45,39.5,4.68,97.1,150,37.3,41.7,25.4,35.15,9.57,9.22,160.5,18.62,13.54,59.15,23.35,11.48,8.18,9.05,51,6.13,12.94,4.9,7.31,6.89,62.5,43.1,154.9,52.95,85.75,41.15,27,77,4.26,4.45,18.58,48.3,8.18,,21.75,140.2,2.65,389.8,,47.55,42.15,3.03,109.5,9.06,,13.32,56.65,223,41.85,107.5,9.9,4.38,25.25,26.3,6.31,342.4,83.1,35.8,45.85,15.82,,7.46,61.55,4.91,21.1,11.62,84.25,21.8,111.7,138.6,2.64,192,4.58,21.1,,7.19,49.8,2.93,83.95,38.05,95.05
05-13,32.8,51.7,24.65,37.95,34.6,61.5,12.3,24.6,14.82,19.28,4.69,12.46,16.94,5.11,27.45,40.45,4.7,101.2,154.7,35.2,42.15,26.4,36.95,9.9,9.35,174.8,18.26,13.98,60.8,23.2,11.8,8.13,9.22,51.5,6.17,13.08,4.79,7.56,6.95,64.3,44.4,150.7,53.8,86.1,41.8,27.05,79.55,4.26,4.57,18.22,48.65,8.4,15.5,22.7,144.8,2.65,390,37.6,48.2,42.4,3.04,111.7,9.44,4.16,13.3,56.8,230,41,109.6,10.1,4.41,25.2,26.7,5.93,351.4,84,36.15,45.3,15.48,13.2,7.64,62.35,4.97,21.35,11.72,86,22.05,112.7,138,2.68,192.5,4.74,21.5,27.5,6.46,50.8,2.93,86,37.95,98
05-14,32,53.95,25.2,37.8,34.75,61.2,12.04,23.95,14.76,19.2,4.79,13.02,16.74,5.07,28.1,40.45,4.76,99,150.2,35,42.05,24.65,35.8,9.69,9.41,171.6,18.7,14,60.25,24,12.04,8.01,9.08,51.35,6.26,13.2,4.66,7.54,6.9,62.55,43.75,146.5,52.85,86.6,40.5,27.15,82.45,4.19,4.69,16.9,48.7,7.95,,21.7,140.6,2.62,389,,47.6,42.7,3.01,109.8,8.86,4.16,13.08,56.7,233,41.25,106.1,10.1,4.38,24.3,27.55,5.61,348.6,82.65,36.25,45.8,15.72,13.64,7.86,63.1,4.94,21.15,10.98,82.85,23.25,111.7,138,2.65,181,4.74,21.15,28.2,6.25,50.5,2.9,85.95,38.95,94.15
05-15,32.55,55.8,24.4,38,36.8,60.95,12.18,24.35,14.94,20.3,4.75,12.9,16.3,5.09,27.6,40.2,4.63,96.15,,34.4,42,23.9,36.55,9.48,9.5,165,19.22,13.92,58.35,23.7,12.14,7.91,9.18,50.95,,12.7,4.72,7.24,6.83,63.7,43.15,145.6,54.2,87.65,39,26.85,80.35,4.13,4.7,16.8,49.3,7.7,15.1,22.55,136.3,,383.2,38.7,48.05,42.4,3.03,110.3,8.54,,,56.9,232.4,42.15,103.3,10.06,4.12,24.65,29.55,5.69,349.2,85,,44.75,15.98,,7.64,64.6,4.94,21,10.88,81,24.1,112.2,141.6,3.12,179.4,4.61,21.35,28.85,6.14,50.95,2.9,86.25,39.45,94.35
05-16,32.1,55.65,24.6,38.1,35.95,56.4,11.8,24.35,14.6,20,4.81,12.88,16.28,5.13,28,39.2,4.67,96.2,148.6,36.2,42.1,23.55,36,8.89,9.16,158,19.02,13.26,55.45,24.3,12.14,7.9,9,50.55,6.1,12.9,4.74,7.13,6.81,64,39.6,141.8,53.6,83.65,42.5,26.85,76.85,4.15,4.73,16.66,49.15,7.59,14.6,21.25,131,2.62,384,36.6,47.8,42.55,3.04,109.3,8.54,4.03,12.86,57,224.2,40.95,102.4,9.58,4.06,24.6,28.8,5.51,340,84.65,36.2,43.7,15.44,13.68,7.61,65,4.92,21.15,10.24,80.5,23.55,111.5,139.5,3.13,166.7,4.69,21.85,31.65,6.24,50.65,2.96,,,89.75
05-17,33.5,55.9,24.35,39.05,37.4,59.7,12.18,24.65,14.96,20.5,4.9,13.2,16.54,5.2,26.95,39.6,4.75,100.2,148,39.9,43.6,24.3,36.95,8.91,9.25,159,19.38,13.68,56.4,25,12.34,7.97,9.15,52,6.04,13.48,4.8,7.28,6.9,65,41.6,138.5,54.8,84,46.3,27.5,78.9,4.22,4.89,17.74,50.3,7.7,15.34,22.5,134.2,2.61,389,37.3,48.8,43.6,3.06,111.4,8.61,4.06,13.22,57.95,227.8,40.8,105.2,9.95,4.2,24.95,29.3,5.83,353.4,84.1,36.9,44.6,15.44,14.28,7.85,66,4.96,21.2,10.04,84.9,24.8,114,139.9,3.62,167.6,4.8,22,35.7,6.35,51.4,2.99,,39.15,93.4
05-20,33.4,55.9,24.2,38.9,36.15,59.25,12.28,24.45,14.94,21.05,4.9,13.12,17.16,5.2,25.5,39.8,4.97,97.65,151,38.6,43.4,24.25,38.3,9.17,9,157.7,19.14,14.06,56.2,25,12.36,,9.35,52.35,6.18,14.1,4.87,7.72,6.86,63,42.2,135,54.7,84.2,45.75,27.6,80.5,4.21,4.74,18.2,50.6,7.58,15.48,23.25,134.8,2.67,371,38.05,48.25,43.55,3.07,111,8.79,4.29,,57.7,229,43,103.5,10.06,4.43,24.95,28.9,6,348.6,85.45,36.45,44.85,16.3,14.48,7.84,65.2,5.01,21.7,11,86,24.5,113.9,142.2,3.34,172,4.86,22.5,39,6.3,51.3,3,,,96.55
05-21,32.4,54.55,24.15,38.55,36.8,56.5,12.02,24.05,14.8,20.95,4.96,12.94,16.9,5.2,25.7,38.65,4.87,91.6,151.8,39.45,43.3,24.2,37.95,8.9,8.78,144.4,19.48,14,52.4,24.8,12.34,8.48,9.27,51,6.16,13.9,4.84,7.7,6.79,60.9,39.15,133.3,54.4,80.8,45.2,27.5,79.05,4.19,4.7,18.34,50.6,7.87,15.1,24,128,2.67,350,34.95,47.7,43.75,3.08,110,8.78,4.26,12.74,57.45,218.4,42.7,102,9.64,4.4,24.55,27.8,5.71,339.4,84.5,36.55,43,16.2,14.8,7.83,65,5.01,21.3,10.8,85.3,22.8,112.6,139,3.11,160,4.85,22.7,,6.5,51.05,2.98,,,94.8
05-22,33.3,54.4,24.5,39.1,37.3,59.5,12.2,24.2,15.08,21.55,5.01,13.24,17.24,5.25,26.1,40.6,5.05,94.5,155.5,42.5,,24.75,38.6,9.01,8.84,149.4,19.7,14.16,55,25,12.52,8.62,9.45,51.8,,14.48,4.97,7.83,6.85,,39.7,130.8,55.65,82.25,46.9,27.35,83,4.26,4.7,20.3,50.7,8.25,,25,131.3,2.7,366.4,36.2,48.45,44,3.1,111,9.22,4.37,13,57.8,223.8,,103.2,9.86,4.65,25.2,28.5,5.98,347.2,84.65,36.2,43.05,16.22,,8.1,65.9,5.06,21.7,10.6,90.95,23.7,114,143,2.97,169.7,4.91,22.9,44.4,6.66,51.45,3.02,,,98.4
05-23,33.4,53.8,24.8,38.7,38,60,12.12,24.8,15.06,21.4,5.08,13.28,17.8,5.26,26.1,40.3,5.15,93.2,159.9,42.55,43.45,24.3,,9.73,8.95,145,19.78,14.6,53,25.1,12.54,8.6,9.4,51.8,6.26,14.2,4.88,8.36,6.85,,39.1,128,56.75,81.45,46.9,27,84.6,4.25,,20.5,50.85,8.47,15.88,24.6,128.5,2.7,364.6,36.35,47.75,44.1,3.11,110.5,9.36,4.5,13.26,57.9,225.4,43.8,103.8,10.1,4.58,25,27.6,5.79,342,83.7,36.1,43,16.12,15.8,8.04,66.6,5.08,21.3,10.4,89.45,22.85,112.7,144.3,2.92,167.1,4.97,22.5,42.4,6.63,51.45,3.02,,,96.9
05-24,33.15,55.9,25.4,38.65,37.65,57.9,12.54,24.45,14.64,21.6,5.29,13.68,17.96,5.35,27.15,42,5.13,94.1,166.1,40.4,43.75,24.85,39.15,10.44,9.03,148.6,,14.9,54.2,25.8,12.84,8.63,9.6,54.1,6.37,14.24,5,8.37,6.87,62.45,44.1,129.4,56.1,84.1,44.6,27.15,81.3,4.29,4.62,20.45,51,8.63,15.9,24.6,133.3,2.77,371,37.5,48.1,44.15,3.19,109.3,9.54,,13.22,57.9,231.8,43.45,105.2,10.52,4.59,25.35,28.15,5.8,347.4,85.7,35.65,43.5,17,15.34,8.05,68.8,5.17,21,11,85,22.95,114.3,147.2,2.79,170.5,5.12,23.2,44.4,6.62,51.6,3.06,,38.25,94.45
05-27,33.15,56.35,25.7,38.9,37.25,58.8,12.5,24.4,14.58,21.2,5.31,14.16,17.2,5.36,27.3,41.95,5.42,94.5,169.6,41.6,43.7,24.95,38.95,10.42,9.05,148.5,20.55,14.8,53.55,,12.82,8.85,9.59,54.9,6.41,14.2,5.1,8.57,6.92,63.15,43.9,128.8,56,82.3,,27.35,81,4.3,4.7,20.05,50.95,8.66,16.08,24.25,135.6,2.78,363,35.9,47,44.1,3.16,109.3,9.74,4.46,,58.05,230.4,43.35,106.4,10.38,4.62,25.4,28,5.86,346.2,85.9,36.15,43.35,,15.28,8.14,68.85,5.14,21,10.52,84.2,22.1,114.9,146.1,2.76,169,5.1,24.15,42.6,,52,3.05,85,,92
05-28,32.65,59.7,25.9,39,37.4,57.5,11.92,23.85,14.3,20.7,5.19,13.98,16.92,5.33,27,42.05,5.67,92.2,169,40,43.5,24.45,38.45,9.66,9.01,144.1,20.1,14.8,50.8,26.5,12.56,8.97,9.56,54.15,6.43,14.12,5.07,8.51,6.79,,38.9,126.4,55.55,82.8,44.6,26.4,78.7,4.29,4.65,23.3,50.85,8.59,15.96,24.1,135.8,2.77,357.2,36.2,46.25,43.85,3.14,107,9.74,4.45,13.48,57.6,228,,105.4,9.93,4.58,25.35,29.7,5.7,336.6,83.5,36.15,43.3,16.8,,8.05,67.5,5.11,20.45,9.97,82.5,,114.6,144.5,2.73,164.3,5.04,23.65,42.05,6.88,51.2,3.06,81.5,40,90
05-29,31.95,58.25,25.35,38.65,,65,11.9,23.65,,20.3,5.19,14.3,16.66,5.33,26.6,41,5.45,89.35,170.4,38.8,,25,37.65,9.34,8.65,141.5,20.4,14.92,48.55,27.2,12.4,9.04,9.63,54.45,6.52,13.96,5.07,8.53,6.85,63.1,37,125.5,56.35,83.95,,26.45,,4.28,4.63,21.35,50.95,8.54,15.94,23.05,140,2.86,353.2,35.65,46.25,44.1,3.15,107.4,9.8,,,57.8,226,,111.3,9.8,4.48,25.2,29.65,5.72,336,83.75,,42.5,17,,7.91,67.1,5.16,,8.86,80.15,21,114.4,144.3,2.72,162,5.09,24.05,41.9,6.84,50.55,3.07,82.05,38.8,88.6
05-30,31.4,57.7,25.5,38.6,36.7,59.05,11.54,23.5,,20.2,5.26,14.18,16.66,5.28,26.55,40.4,,87.45,167,38.55,43.7,24.95,37.75,9,8.58,138.7,21.05,,48.75,27.4,12.48,9.01,9.69,52.8,,13.32,5.05,8.1,6.86,61.95,36.8,122.5,55.95,83.05,42.35,,77.4,4.26,4.6,21.4,52,8.2,15.66,22.65,137.7,2.83,347.2,,45.8,,3.13,107.4,9.54,4.38,,57.65,222.4,42.35,108.1,9.67,4.46,25.1,29.45,5.48,333.2,82.1,36.55,42.3,16.52,,7.93,66.85,5.08,20.2,9.14,80.7,20.9,115.2,143.6,2.42,160,5.11,23.5,39.9,6.88,50.45,3.04,,37.6,87.15
05-31,31,56,25.25,38.3,35.6,56.85,11.32,23.05,14.18,19.86,5.23,14.1,16.76,5.23,,39.7,5.2,85.7,,39.05,43.55,24.1,36.35,9.39,8.57,136.7,21,14.7,49.45,27.4,12.46,9.05,9.57,52.5,6.68,13.16,5.01,8.1,6.86,61.2,36.95,120.1,56,81.9,42.75,26.55,75.45,4.22,4.54,21.7,51,8.22,15.52,22.2,136.7,2.88,341.6,33.85,45.45,43.9,3.13,108.2,9.49,,13.42,58,230.6,41.75,109.7,9.64,4.4,24.8,28.85,5.73,330.6,82.45,37,42.55,16.4,14.7,8.18,67.1,5.03,20.2,8.14,77.25,20.65,113.8,145,2.48,157,5.15,23.55,39.5,6.93,50.3,3,82,36,85
06-03,,55.05,,38,35.15,55.45,10.86,22.45,14.08,19.48,5.29,14.26,16.9,5.25,26,39.5,5,81.6,,37.35,,23.95,35.85,8.91,8,132.7,20.6,14.02,48,26.85,12.34,9.05,9.35,51.45,6.78,12.9,5.13,7.85,6.87,60.05,35.2,117.4,55,80.7,41.45,,74.05,4.2,4.45,19.84,50.5,8.2,15.2,21.55,130.8,2.88,335.8,,45.3,43.65,3.14,106.2,9.35,4.73,13.64,57.55,222,40.65,105.4,9.5,4.2,24.55,27.75,5.52,324,82.75,36.65,41.85,16.14,14,7.72,67.85,5.07,19.92,8.3,68.85,19.74,113.3,134.5,2.4,152.8,5.1,23.05,,6.77,50,3.02,,37.15,81.5
06-04,30.8,54.1,25.3,38.3,35.7,55.65,11,22.5,14.22,19.68,5.27,14,17.24,5.21,26.3,38.4,4.93,81.8,158.8,38.2,43.85,23.65,36.6,9.32,8.36,136.1,,14.3,50.35,27.55,12.38,9.12,9.4,52.25,6.75,13,,7.54,6.93,62,36.55,116.8,55.85,78.35,41.7,27.1,74.7,4.19,4.42,,51.55,7.97,15.1,21.3,132.3,2.89,347,33.2,45.6,43.95,3.13,108.3,9.16,4.87,13.6,57.95,234,,109.3,9.78,4.3,24.55,27.5,5.6,327.2,86,36.8,42.35,16.34,14.44,7.89,66.85,,,8.3,70.8,20.9,113.9,133.5,2.45,156,5.14,22.95,,7.05,50.8,3.01,,36.6,
06-05,30.6,54,25.45,38.65,32.2,56.05,11.06,22.35,14.34,19.92,5.33,14.78,17.3,5.26,26.55,37.35,4.86,82.85,157.4,39,44.3,24,36.2,9.55,,136.3,22.5,14.5,51.35,28.2,12.64,9.28,9.99,56.8,6.95,13.18,4.96,7.65,6.97,61.65,37.95,116.5,56.5,82.1,43.1,27.4,74.65,4.22,4.35,20.9,52.35,8.25,15.42,21.45,134.1,3.05,348,32,46.05,44.4,3.14,108,9.13,4.9,13.64,58.1,241.4,41.8,112.2,9.89,,24.6,27.55,5.63,330.8,85.65,,42.2,16.48,14.34,7.9,67.4,5.05,20.75,8.36,69.1,,114.9,138.1,2.51,156,5.05,24.1,40.1,7.76,51,3.05,,36.1,81.4
06-06,31.8,58.15,26,39.4,32.05,56.4,11.18,22.65,14.34,20.05,5.5,15.08,17.12,5.27,26.6,38.05,4.77,83.65,160,36.95,45,25.6,36.7,9.46,8.39,139.1,22.45,14.3,52.5,28,12.8,9.7,9.85,57.75,7.34,13.36,5.15,7.73,6.98,60.4,38.95,118.9,56.4,84.4,,28.05,75.75,4.28,4.36,,52.5,8.2,15.84,21.45,135.9,3.14,352,33.8,46.3,44.65,3.16,108.8,9.08,,13.88,58.5,239,42,108.6,9.81,4.34,24.7,28.9,5.71,326.2,86.45,35,42.45,16.72,14.98,8.05,67.55,5.16,20.95,8.37,69.65,20.95,117,141.1,2.61,157.2,5.15,23.35,39.75,7.88,51.3,3.04,84.8,,83.15
06-07,30.85,56.7,25.7,39.15,,53.55,11,22.3,13.4,19.3,5.32,14.64,,5.15,25.75,37.55,4.83,80.1,158.8,,44.65,24.8,35.5,9.08,8.24,134.8,21.85,,49.65,27.1,12.36,9.51,,54.8,6.92,13.7,5.11,7.6,6.92,,38.45,114.7,58.15,84,,27.65,72.7,4.16,4.35,,52.45,8.19,15.38,20.6,130,3.03,339.6,33.25,45.65,44.9,3.13,105.5,8.94,,,58,229,41.4,111.8,9.3,4.25,23.85,27.8,5.39,320,84.9,35.15,,16.3,,7.86,67,5.23,20.15,,69.6,20.5,115,138.4,2.52,148.9,5.08,23.45,42,,50.3,3.01,,36.65,81.9
06-10,31.9,55,25.75,39.35,31.4,54,10.94,22.95,13.16,19.36,5.14,14.64,17.1,5.16,26,37.65,4.82,80.5,,36.95,45.1,25.55,34.95,9.07,8.22,135.5,22.4,13.92,50.65,27.55,12.06,9.54,,55,7.02,14,5.03,7.58,6.91,60.65,37.95,114.6,58.65,83.05,41.45,27.85,73,4.17,4.34,19.68,52.6,8.02,15.5,20.85,131.9,3.06,340.6,33,45.6,45.4,3.1,106.8,8.98,4.84,13.7,58.4,233.4,,107.3,9.49,4.26,24.1,26.65,5.3,318.8,83.9,34.75,,15.98,,7.91,66.8,5.17,20.6,8,70.1,20.75,113.2,139.3,2.58,152,4.97,23.5,42.8,7.75,50.6,3,,,80.4
06-11,33,54.75,26.5,39.65,31.3,,11,22.5,13.98,19.82,5.3,15.4,17.68,5.38,25.95,39.4,4.75,82,160.2,,45.5,25.8,35.45,9.15,8.18,140.7,23.9,14.18,51.4,27.7,12.36,9.81,10.28,60.9,,13.88,5.35,7.72,7.02,57.5,39.75,119.2,58.2,85,,28.2,74.8,4.37,4.44,,54.45,7.89,,21.15,134,3.2,343.4,,46.15,,3.23,110.2,9.1,4.96,13.7,58.8,235.2,,108.5,9.68,4.32,24.3,27.15,5.4,322.2,84.4,35,,,,8.23,68.5,5.4,20.7,,70.85,20.75,114,139.3,2.6,159,5.09,25.8,45.15,,51.4,3.14,,,
06-12,32.85,53.85,26.8,39.9,30.3,55.6,11.3,22.15,14.22,20.25,5.32,15.5,17.74,5.42,26.5,40.35,4.79,81.65,161.4,40.95,46.4,24.3,36.9,9.3,8.24,140.8,24.3,14.14,51.95,27.5,12.56,10.14,10.36,60.3,7.4,13.5,5.39,7.7,7.11,57.15,40.9,119.6,59.1,85.25,45.05,,75.35,4.46,4.44,21.35,53.75,7.66,15.88,21.55,135.7,3.22,344,33.95,46.6,46.85,3.27,110.6,9.07,4.97,,59.4,237,41.7,108.8,9.71,4.25,24.55,26.9,5.68,320.4,82.95,34.5,41.9,16.8,,8.07,68.35,5.45,20.9,8.53,71.05,,114.3,139.6,2.5,156.6,5.13,25.4,41.1,8.02,51.8,3.18,,,
06-13,,53.1,27.75,39.7,28.8,54.6,11.58,22.05,14,20.45,5.5,15.72,18.2,5.65,28,41.55,4.89,81.95,161.7,41.4,46.55,,35.85,9.52,8.2,140.2,24.8,13.92,51.85,27.3,13.12,10.58,,61.1,7.6,13.34,5.54,8.03,7.23,57.15,41.45,119.6,59.5,85.1,44.85,,75.75,4.67,4.41,21.5,53.65,7.61,15.6,21.8,133,3.32,338.2,34.35,46.4,46.75,3.42,109,9.5,4.8,13.58,60.8,240,,111,9.87,4.26,24.95,26,5.48,318.8,83.3,34.6,,,,8.01,69.3,5.59,21,8.3,70.9,21.5,115.1,140.6,2.43,156.3,5.35,,42.5,7.72,52.05,3.27,,34,82.55
06-14,32.5,51.2,28.35,39.65,,52,11.3,21.75,13.6,20.5,5.48,15.5,,5.61,28.5,41.05,,80.05,161.9,39.25,46.2,24.05,35.5,9.45,7.89,136.5,23.75,13.5,50.1,27.7,12.94,10.48,10.42,58.75,7.64,13,5.38,7.7,7.63,55.25,39.3,116.4,59.5,83.9,44,28.2,72,4.61,4.4,,52.6,7.56,15.4,,129.3,3.26,327,,46.05,46.7,3.38,106.7,9.67,4.8,13.3,60.55,237.6,,112.8,9.64,4.17,25,25.1,5.18,314.2,80.15,,42.1,18.1,,7.84,68.3,5.54,21.1,8.16,,,114.4,137.9,2.28,151.8,5.31,25.4,40.95,7.84,50.65,3.22,,33,80.45
06-17,32.45,51.95,27.9,39.75,29.5,51.35,11.36,21.3,13.44,19.92,5.5,15.08,18.34,5.48,28.65,40.3,4.73,81.8,159,39.55,45.95,24.05,34.8,10.02,,138.1,23.75,13.8,51.1,27.4,13,10.1,10.28,57.8,7.74,12.62,5.21,7.65,7.55,54,40.1,116.9,58.95,82.4,44.5,,69.35,4.47,4.32,20.4,52.95,7.63,,20.9,128.6,3.24,332.6,34.25,46.05,46.65,3.28,106,9.68,4.75,13.66,60.2,246.8,,111.5,9.96,,24.75,25.8,5.12,314.2,81.75,,41.7,17.6,,,67.95,5.33,,9.94,69.4,21,114,139.4,2.31,147.3,5.19,24.9,,7.75,50.25,3.13,,32.35,83.1
06-18,32,51.55,27.95,39.3,28.05,51.35,11.2,20.9,13.24,20,5.47,14.92,18.9,5.41,,40.3,4.55,85.15,,40.25,46.35,24.05,34.25,10.3,7.89,146,23.45,13.4,52.35,26.9,12.7,10,10.18,56.95,7.62,12.36,5.13,7.36,7.63,54.55,41.45,120.7,58.5,80.8,45.05,27.55,67.15,4.4,4.26,,52.75,7.68,,20.1,130.8,3.25,331.8,,46.45,46.65,3.27,105,9.84,4.88,13.42,61.5,249.2,37.5,,9.97,4.12,24.65,26.2,5.21,311,81.3,34.4,,17.44,,7.68,67,5.3,20.4,9.82,70.95,21.4,,137.8,2.31,148.5,5.13,24.5,38.85,7.65,50,3.13,75.95,33.2,83.2
06-19,31.4,50.9,27.45,38.7,25.6,50.7,10.86,20.85,12.96,19.6,5.37,14.62,18.8,5.32,27.35,40,4.33,84,157.8,40,46.15,23.5,33.65,9.87,7.62,139.8,22.5,13.12,50.25,26.65,12.54,9.7,9.95,56.15,7.36,11.56,5,6.85,7.45,53.6,38.4,117.7,57.5,78.6,,27,67.4,4.33,4.22,19.04,52.25,7.04,15.32,19.8,131.8,3.15,325,34.15,45.5,46.55,3.2,103,9.65,4.91,13,60.25,240.6,37,109,9.84,4.03,24.5,25.5,5.05,313.6,79.45,34.5,41.3,17.12,13,7.71,65.6,5.19,19.92,12,,21.05,112.3,136.5,2.25,142.1,5.04,24.95,36.05,,49.5,3.06,,,82
06-20,32.5,52.25,27.75,39.45,26.55,51.5,11.2,21.4,13.1,19.52,5.44,15.4,18.5,5.42,,40.1,4.4,86.8,160,40.05,46.65,23.7,34.25,10.08,7.99,147,23,13.7,53.4,26.7,12.92,10.1,,58.5,7.54,11.48,5.18,6.88,7.48,56.8,38.75,124.6,59.9,83.25,42,27.8,68.35,4.44,4.3,19.5,52.75,7.25,15.62,20.65,138.9,3.25,348,,46.4,,3.28,105.6,9.71,4.74,13.14,61.2,247.8,38.55,113.1,9.9,4.1,24.7,26.6,5.17,317.8,83.4,35.5,42.2,17.2,,7.85,66.3,5.3,20.1,10.7,72.15,21.8,113.8,140,2.28,153.1,5.18,25.3,36.5,,50.95,3.14,76.85,33.75,84.8
06-21,31.5,51.3,27.55,38.85,26.95,50.1,11.1,21.2,12.92,19.02,5.45,14.84,18.72,5.33,27.65,40.15,4.33,87.35,153.8,41,46.4,23.7,34.15,9.77,8.25,149.2,22.4,13.34,53.3,,12.78,9.98,10.08,57.65,7.63,11.68,5.22,6.83,7.35,55.2,37.5,129,58.85,82.9,42.5,27.4,66.75,4.4,4.25,,51.5,7.12,15.28,20.05,137.4,3.2,346,33.9,46.05,46.5,3.23,105.8,9.55,,12.8,60.5,244.4,37.7,114.1,9.73,4.1,24.3,26.9,5.08,309.8,81.4,35.75,41.65,,13.02,7.79,65.1,,20,11.86,,21.1,112,140.5,2.23,149.9,5.13,25.1,36,,50.7,3.1,,,84.25
06-24,30.9,51.4,27.35,38.65,26.3,48.75,10.9,20.6,12.52,18.48,5.39,14.5,18.26,5.32,,39.3,4.32,88.2,,,46.65,22.9,32.65,9.58,8.04,145.9,22.35,12.62,53.35,26.85,12.88,9.81,,55.2,7.3,11.38,5.15,6.68,7.34,53.65,37.2,127.2,58.9,80.1,38,,64.05,4.39,4.27,20.25,51.6,7.15,14.78,18.62,133.5,3.18,341.2,32.05,44.8,46.8,3.23,104.1,9.29,4.77,12.72,60.15,245,37.3,109.4,9.55,3.97,24.3,26.5,4.92,305.8,80,36.2,41,16.82,,7.54,64.5,5.25,19.5,10.82,69.2,,111.3,136.7,2.2,144.8,5.09,23.9,34.3,7.29,50.45,3.09,,33.5,82.25
06-25,30.95,51.5,27.6,38.4,27.55,48.45,10.9,20.05,,18.34,5.51,14.96,18.2,5.37,,39.15,,83.45,150.9,38.5,46.3,22.9,33.05,9.57,8.02,141.8,22.75,12.56,51.75,26.9,12.72,9.92,10.14,55.35,7.07,11.28,5.17,6.6,7.28,53.1,36,123.3,59.5,78.95,37.05,,64.2,4.44,4.21,19.98,51.1,7.13,,17.62,130.7,3.19,333,,45.1,46.55,3.28,102.7,9.32,4.63,12.4,59.1,240.8,36.8,106.5,9.5,3.94,24.1,26.5,4.78,304.2,79,,41.6,16.9,,7.48,65.5,5.27,,9.86,68.2,,112,137.7,2.24,144.6,5.25,24.5,35,,49.75,3.15,,32.4,82.8
06-26,30.9,52.55,27.6,38.55,27.3,48.55,10.86,20.9,12.4,17.94,5.42,14.66,17.6,5.36,,38.75,,82.45,150,38.3,44,23.35,32.2,9.3,7.84,138.5,22.45,12.34,50.5,26.3,12.82,9.96,10.04,54.05,6.88,11.34,5.1,6.5,7.44,54.55,35.5,121.5,59.45,78.7,37.65,27.15,64.55,4.46,4.22,19.74,50.95,7.06,14.94,17.44,129.7,3.18,331.8,33.05,44.8,44,3.23,103,9.41,4.67,12.12,58.95,247,37.4,107.7,9.41,3.99,24.3,26.65,4.71,306,78.9,36.3,42.35,16.48,12.78,7.46,66.6,5.26,19.32,8.93,68.1,19.1,112.7,138,2.21,141.4,5.17,23.9,34.95,,49.6,3.13,74.8,,82.35
06-27,31.45,52.45,27.7,38.95,27.25,50.8,10.96,20.95,,17.88,5.44,14.86,18.68,5.38,,38.75,,83.6,153,38.85,,23.95,32.7,9.43,7.99,141.3,22.25,12.12,55.25,,12.94,10,,55,6.91,11.2,5.15,6.39,7.35,54.3,37,124.4,59.9,79.7,38,27.4,65.35,4.48,4.35,19.48,48.95,7.2,15.3,18,132.7,,345.2,,43.35,42.5,3.28,104.2,9.45,5,12.48,58.9,252.4,,109.6,9.67,4,24.25,26.2,4.94,308.2,79.25,,,,,7.63,67.45,5.22,,8.57,70.1,19.18,113,139.8,2.25,146.4,5.15,23.95,,,49.4,3.12,,33.35,82.5
06-28,31.1,52,27.5,38.3,25.4,47.95,10.7,20.85,12.72,17.5,5.43,14.32,,5.25,25.65,38.05,4.2,81.05,114.2,40.45,42.2,23.7,31.6,9.17,8.11,137,,11.78,55.15,27.05,12.86,9.99,10.16,52.4,6.75,10.92,4.98,6.12,7.3,52.3,36.1,119.8,59.8,77,38.5,27.1,63.8,4.37,4.33,,48.25,7.1,15.08,17.52,130.8,3.08,331.2,31.65,42.65,41.5,3.21,102.7,9.4,4.75,,57.25,247,,105,9.71,4.01,24.05,25.8,4.94,304,77.8,34.9,42.35,15.9,,7.62,65.35,5.17,19.2,8.82,,18.72,112.5,133,2.18,141.3,5.12,22.85,33.4,,48.95,3.08,,31.5,
07-01,30.3,49.55,27.05,38.2,26,46.35,10.44,20.1,12.12,16.74,5.32,13.82,17.94,5.11,,36.55,4.21,80,108,39.25,42.55,23.35,31.15,9,8.44,132.7,21.4,11.62,55.4,27.1,12.7,9.6,9.48,50.9,6.8,11.1,4.94,6.03,7.29,50.55,33,118,57.95,76.85,,26.6,62.7,4.25,4.27,18.58,48.25,7.05,14.64,15.9,128.9,3.05,329.8,30.6,43.25,41.85,3.13,102.4,9.08,4.76,12.54,57.45,245,37,102.3,9.4,3.89,23.95,24.65,4.61,300.4,77,34.55,41.65,15.42,12.92,7.39,64.3,5.1,19.26,9.08,70.2,18.28,110.3,131.9,2.07,135,5.06,22.25,,,48.75,3.01,71.25,29.8,80.2
07-02,30.3,49.9,26.65,37.3,25.8,44.95,10.54,20.1,12.36,16.74,5.2,13.74,18,5.09,24,36.65,4.15,78.95,102.2,38.05,42.3,23.4,30.35,8.37,8.35,130.1,21,11.58,54.75,26.4,12.42,9.5,9.44,51.8,6.6,10.8,4.92,,7.21,49.8,31.45,122.4,58.65,76.85,37.3,26.5,65.35,4.22,4.18,18.5,48.55,6.93,14.58,15.72,126,3.01,327.2,29.4,43.85,,3.11,101.6,9.02,4.9,,57.6,236.6,,92.2,9.28,3.86,23.7,24.75,4.77,295.2,77.4,34.85,,15.06,12.92,7.2,64.45,5.1,19.16,8.83,,18.32,108.3,139.8,2.15,133,5,21.95,32.35,7.31,48.2,3.01,,,75.55
07-03,30.2,49.15,26.1,36.5,25.9,43.15,10.48,19.86,12.64,,5.37,13.56,18.48,5.1,22.4,36.5,,78.9,103.6,35.3,,22.7,29.9,8.02,8.04,129.1,20.75,,51.9,26.3,12.4,9.63,9.43,50.3,6.52,10.66,4.97,5.87,7.3,,30.9,119.9,58.75,73.2,33.2,26.65,64.8,4.24,,17.4,48.25,,14.12,15.7,116.5,3.04,311.8,28.5,43.2,,3.14,101.5,7.43,5.23,,57.25,233,,,9.21,3.85,23.65,25.1,4.64,288.2,76.1,34.95,41.8,,12.9,7,64.1,5.13,19,9.5,67.35,,109,140.7,2.15,132,5.14,20.3,,,47.7,3.02,,,74
07-04,30.05,49.25,25.65,35.85,25.75,42.9,10.38,20,12.44,16.04,5.23,13.3,18.4,5.06,21.4,36.3,,77.95,98,36.65,42.6,22.8,29.5,8.05,7.8,126.1,20.75,,53.8,25.4,12,9.55,9.32,50.05,6.36,10.58,4.93,5.72,7.16,49.4,30.8,121.4,58.45,72.9,34.75,25.6,63.1,4.2,4.08,17.28,48,6.82,13.92,15.2,112.1,3.01,314.6,,42.55,42.95,3.13,101.1,7.23,5.08,12.08,57.1,235.2,36,92.85,9.17,3.66,23.65,26,4.71,286.6,76.5,,41.3,14.66,,6.79,63.35,5.11,18.84,8.8,66.2,18.1,107.6,133.8,2.16,129.8,5.01,20.15,30.85,7.41,47,2.98,,29.4,74.2
07-05,30.35,48.55,24.55,36.15,25.4,42,10.18,19.6,12.18,15.94,5.06,13.1,18.2,5,20,36,4.1,77.05,,36.7,42.15,22.3,29.3,8.1,7.73,128.3,20,11.58,52.45,25.75,11.64,9.3,9,49.15,6.24,10.7,4.94,5.56,7.06,49.25,31,120.2,57.4,72.65,35,24.85,63,4.15,4.11,17.32,47.15,,13.9,14.7,110.9,2.94,312.6,28.8,42.6,43.3,3.05,98.9,6.91,,11.74,57.05,234,35.7,92.05,9.05,3.73,23.25,25.35,,287.4,75.55,33.3,41.6,,,6.7,63,5.05,18.7,8.69,64.55,17.5,103.8,132.3,2.1,121.4,4.83,19.78,31.45,7.5,45.9,2.93,69.2,29.05,73.1
07-08,29.85,48.2,24.45,36,25.65,43,10.34,19.5,12.44,15.76,5.28,13.2,18.16,5,20.15,35.75,4.21,80.75,94.95,37.2,41.7,22.7,29.2,7.99,8.28,136.1,20.25,11.56,55.1,25.85,12,9.4,9.05,49.85,,10.96,4.98,5.67,7.08,49,31.5,127.4,58.1,75.15,35.95,23.65,62.95,4.16,4.09,17.8,47,,13.68,14.68,116.8,2.98,327.6,29.1,43.75,43,3.06,99.7,7.04,,11.6,56.5,239.6,35.8,99.1,9.08,3.68,23.2,25.6,4.71,297.6,77.2,33.05,41.6,14.42,,6.73,63.3,5.02,18.32,8.88,68.35,,105.1,134.1,2.2,125.4,4.99,19.82,32.7,7.33,46,2.94,67.75,,72.5
07-09,31.25,49.8,25.05,36.3,26.1,48,10.68,20.1,12.98,17,5.43,13.32,18.34,5.04,20.5,37.25,4.38,82.8,97,37.8,42.1,23.55,31.2,8.4,8.24,135,20.45,12.32,58,26.15,12.3,9.32,9.42,51.65,6.08,11.42,5.07,6.24,7.21,50.85,32.6,130.6,58.8,74,37,24.9,67.9,4.19,4.2,,47.75,6.88,14,16.86,120.1,3,336,31.45,44,42.2,3.11,102.2,7.2,4.92,12,56.35,248.4,,98.95,9.36,3.76,23.8,26.45,4.8,305.8,79.2,33.85,42.6,14.36,,6.65,64.6,5.1,19.16,9.06,68.2,,107,136.6,2.24,120.6,5.05,19.94,33.85,,46.85,2.97,,,76
07-10,30.45,50.1,25.4,37,26.4,46.5,10.92,19.82,,16.8,5.4,13.32,18.1,5.1,20.9,36.75,4.34,83,98.5,37,42.35,23.4,31.75,8.3,8.28,141.8,20.5,12,57.1,26.5,12.2,9.42,,51.7,6.09,11.4,5.06,6.06,7.31,,33.25,128.6,58.9,73.3,36.2,24.85,67.95,4.27,4.18,,48.25,,14.22,17.02,122,2.96,338,,44,43.2,3.14,103.7,7.15,5,,57.3,248.6,,98.25,9.42,3.8,24.15,26.6,4.9,305.2,79.9,34.05,42.95,14.02,,6.74,65.45,5.14,19.54,8.88,,18.52,108.8,136.5,2.16,118.6,4.98,20,32.25,7.48,47.8,2.99,,,74.8
07-11,30.75,50.5,25.8,36.7,26.25,46.65,10.94,20.4,,17.8,5.46,13.56,17.7,5.13,,37.5,4.22,84.6,96,37.2,42.75,23.55,33.4,8.57,8.09,147,21.05,12.4,57.6,26.1,12.3,9.61,9.57,52.95,,11.38,5.13,6.2,7.27,,34,134.1,59.35,72.9,34.95,23.85,68.05,4.27,4.21,18.84,48.4,,14.32,18.92,125.2,3.04,340,,44.05,43.2,3.14,102.9,7.12,4.85,,57.8,255,38.35,99.8,9.53,3.83,24.2,26.9,4.91,309.4,80.7,,43.05,14.04,,6.73,64,,19.78,8.71,66.2,18.8,109,145.3,2.18,123.8,5,20.85,33.5,,47.7,3.02,,,74.8
07-12,30.75,50.8,26,36.9,26.9,47.35,11.04,20.8,13.38,17.42,5.52,13.38,17.3,5.1,20.85,37.35,4.32,83.4,99.7,,42.45,23.55,33.35,8.9,8.35,143.8,20.75,12.34,58,26.35,11.62,9.45,9.72,52.55,6.09,11.26,5.22,5.9,7.27,52.25,33.15,130,59.95,74,34.6,23.9,68.95,4.33,4.19,18.8,48.45,,13.84,18.6,124,3.04,332.8,30.65,44.1,42.8,3.17,102.6,7.14,4.84,11.64,56.9,251.6,39.2,98.6,9.52,3.86,24.05,27.35,4.9,306.4,80.5,35.5,43,,13.1,6.67,63.35,5.29,19.74,8.52,63.95,,111.2,142.2,2.12,123,5,20.65,32.25,,47.05,3.08,,32.9,77.8
07-15,30,50.55,26.2,37,26.65,46.25,10.9,21,13.26,17.8,5.61,13.7,17.68,5.14,21.55,37.8,4.35,83.8,104.1,36.65,,23.7,32.55,8.84,8.25,144.8,21.45,12.22,57.5,26.35,11.76,9.68,,53.8,6.02,11.72,5.27,6,7.05,51.8,33.5,130.6,59.95,74.35,34.3,24,67.4,4.34,4.04,18.86,48.85,,14.56,19.22,126.2,3.11,336.4,29,44.8,41.95,3.18,102.5,7.46,4.89,11.7,56.75,250.4,38.65,,9.47,3.82,24.3,27.5,4.84,309.8,81.05,34.5,42.5,14.44,12.42,6.7,63.5,5.3,19.94,8.66,63.75,,112,144.9,2.12,125,5.02,21.05,33.05,7.5,46.8,3.12,,33.8,77.5
07-16,30,50.6,26.05,37.05,26.35,46,10.82,21.05,,17.7,5.77,13.5,18.1,5.15,21.1,38,4.33,84.5,101.9,37.65,,23.55,32.3,8.65,8.44,145,21.5,12.34,58.95,,11.82,,9.89,53.7,,11.66,5.36,6.06,6.97,52.45,35,132.7,59.75,75,,23.9,68.6,4.33,4.11,18.66,49.05,7.4,14.22,19.14,128.6,3.15,340,29.45,45.1,42.4,3.18,103,7.29,,,57,252.6,38.8,101.8,9.54,3.86,24.45,27.35,4.81,310.6,81.5,34.5,,14.28,,6.72,65.15,5.31,19.94,8.66,66.6,17.9,112.8,146.3,2.18,128.5,4.99,21.25,32.7,7.58,47.4,3.1,,,78.25
07-17,30.35,51.45,26.15,37.25,26.15,46.15,10.6,21.3,13.14,17.5,5.61,13.24,17.58,5.15,20.85,37.65,4.29,83.55,100.5,35.9,,23.9,,8.85,8.65,143.7,21.6,,59.4,26.7,11.6,,9.79,53.2,6.25,11.58,,6.14,6.9,52.6,39.2,132.5,59.5,75.3,34.35,24.05,68.6,4.32,4.14,18.26,49.45,7.64,14.38,18.58,127.6,3.11,339.6,,44.75,42.1,3.16,103,7.16,4.78,12.08,,257,,,9.55,3.8,24.3,27.7,4.74,310.4,81.25,,42.65,14.16,,6.66,64.3,,19.9,8.78,66.3,18.18,113.1,147,2.16,128.8,4.83,21.15,32.4,,47.2,3.08,,,78.75
07-18,30.7,51.25,26.15,36.85,27.05,46.1,10.9,21.65,13.3,17.92,5.61,13.48,17.26,5.08,20.8,37.7,4.34,85.9,102,35.95,41.9,23.75,33,8.88,8.84,149.1,21.7,12.32,59.6,26.85,11.4,9.43,9.85,52.65,6.14,11.62,5.18,6.28,6.93,52.55,40.05,140.6,59.85,78.6,34.5,23.85,72,4.26,4.21,18.58,49.1,7.75,14.6,19.6,129.2,3.07,346.6,30.5,44.55,42.45,3.15,102.7,7.2,4.77,12.06,57.15,259,38.55,102,9.68,3.81,24.4,28.15,4.94,312.2,82.45,,42.8,14.18,,6.69,63.5,5.22,20.2,8.65,66.65,17.84,114.3,152.2,2.36,134.1,4.78,21.1,31.75,,47.1,3.06,,34.85,83.45
07-19,31.05,52,26.2,37,27.35,46.5,11.02,21.45,13.2,17.8,5.64,13.62,17.22,5.05,20.55,36.85,4.39,87.3,101.9,34.15,41.15,23.95,33.95,9.04,8.89,150,21.5,12.54,60.4,26.7,11.3,9.56,9.7,51.95,6.14,11.88,5.15,6.28,6.85,53.2,42.3,143.8,60.2,81.5,,23.65,73.05,4.2,4.18,18.52,49.3,7.8,14.82,19.52,130.2,3.1,353,29.7,44.8,42,3.13,101.4,7.07,4.77,12.3,56.65,263.2,39.3,102.5,9.82,3.75,24.25,28.75,4.88,313,82.5,35,42.95,14.46,13.2,6.63,63.5,5.12,20.2,8.74,67,18.1,113.5,155,2.29,137,4.76,21.05,32.95,,45.7,3.02,70.85,34.75,83.5
07-22,31.45,51.75,26.35,36.8,27.85,49.65,11.1,21.9,13.22,17.98,5.77,13.7,17,5.01,21.05,37.4,4.5,90.6,103.8,34.5,41.1,24.35,33.8,9.34,9.34,156,21.6,12.8,61.4,26.4,11.32,,9.92,52.7,6.18,12,5.04,6.5,6.9,54.4,45,146.2,60.5,85,35.95,23.65,79.65,4.15,4.21,19.88,48.85,,15,20.3,139,3.11,359,31.8,44.35,41.55,3.14,101.1,7.11,4.61,11.8,56.3,272.8,,103,9.97,3.82,24.1,28.9,5.16,315.4,81.4,,43,,,6.69,63.7,5.19,20.25,9.52,71.2,19.2,113.1,153.4,2.29,143.4,4.73,21.2,33,,45.45,3.02,74.5,34.85,83.35
07-23,31.95,53.35,26.85,36.7,27.8,49.55,11,,13.32,17.94,5.8,13.88,17.16,5.06,21.25,37.75,4.58,90.4,103.8,36.3,41.75,24.8,33.5,9.24,9.47,156.2,21.55,12.8,59.25,24.95,11.3,9.7,,52.75,,12.3,5.05,6.45,7.04,54.9,44.85,142.7,61,83.2,37.5,23.75,79,4.19,4.32,19.88,49.1,,15.2,20.45,136.7,3.08,359.6,32.05,44.7,42.45,3.16,101.2,7.16,4.53,12.04,57.3,267.4,,105.2,9.94,3.85,24.35,28.85,5.15,317,82.45,,43.3,14.8,,6.98,63.55,5.21,,8.75,71.55,19.06,114,155,2.27,139.1,4.6,20.3,,7.04,46.3,3.04,74.25,33.95,82.2
07-24,31.4,52.65,26.7,,27.45,47.75,10.88,21.35,,17.66,5.5,,17.38,5.05,21.35,37.35,,89.5,104.3,,,24.4,33.8,9.2,9.43,153.8,20.95,12.76,57.45,24.3,11.38,9.45,,51.7,,11.96,5,6.47,7.03,,46.3,143.7,61.1,83.85,36.7,,,4.17,,,49.05,,15.44,,137.2,3.05,354,,44.65,42.25,3.13,101.6,7.15,,,58.45,267,,,9.91,3.74,24.4,28.75,4.99,312.6,82.1,,43.9,,,7.08,64.75,5.17,,8.96,,,115.5,153.3,2.28,135.9,4.61,20.25,,,46.35,3.05,71.1,,81.75
07-25,31.5,53.2,23.45,36.7,25.75,46.1,10.42,21.7,,17.1,5.39,13.2,17.08,5.04,20.85,36.1,4.4,85.3,,33.1,41.65,23.9,33.4,8.95,9.04,144.7,20.5,,55.55,23.8,11.12,,10.04,49.85,6.03,11.7,4.94,6.13,7,52.8,42.1,139.2,60.7,82.55,34.65,,75.3,4.15,4.15,17.92,49.05,,15,19.06,129,2.98,341.6,,44.3,,3.14,100.8,7.03,,12,61.35,259.8,38.75,101.5,9.62,3.71,24.2,28.35,4.72,305.2,79.8,33.85,44.05,14.34,,7,64,5.17,20.1,9.15,,17.5,113.7,148.7,2.22,125.4,4.44,19.54,31.1,,45.75,3.04,70.4,,79.5
07-26,30.25,52.4,23.5,36.05,25.7,43.5,10.2,21.15,,16.68,5.44,13.3,17.22,5.02,,35.05,4.25,85,99.1,31.45,40.85,24.25,,8.76,8.58,142.2,,11.9,54.9,23.9,11.08,9.5,10,50,5.87,11.86,4.9,6.19,6.89,,41.5,139,60.6,83.15,34.65,23.8,72.3,4.17,4.2,17.58,48.5,7.81,14.58,18.9,125.7,3,340,28.6,43.65,41.65,3.13,99,6.99,4.64,,62,263.6,38.05,97.6,9.49,3.51,24.25,28.15,4.6,302.8,80.05,33.65,43.5,,,6.87,63.05,5.15,19.86,9.13,61.85,,114.7,147.8,2.14,122.3,4.46,19.42,30.3,6.74,45,3.04,69.1,31.5,76.35
07-29,30,52.3,23.1,,24.95,42.95,10,20.75,,16.56,5.51,13.04,16.48,5.01,20.6,35.15,,83.1,97,30.9,40.9,23.9,32.05,8.66,8.42,136.1,20.35,11.32,54.15,23.65,11.04,8.77,9.45,49.3,5.87,11.8,4.86,6.12,6.79,,39.6,137.8,60,81.05,33.4,,74.05,4.15,4.23,18.04,48.15,7.71,14.7,18.84,124.5,2.8,335.6,29,43.15,41.25,3.11,97.1,6.86,4.53,12.1,61.8,257,38.6,95.1,9.22,3.3,24.1,27.9,4.43,299.2,77.25,32.6,42.7,13.3,,6.7,62.1,5.07,,8.99,60.1,16.78,112.8,147.1,2.1,118.1,4.43,19.2,,6.62,44.3,3.03,,30.9,73.1
07-30,30.05,50.8,22.9,35.9,24.8,42.3,10.5,20.75,12.2,16.66,5.4,12.98,17.34,5,20.5,34.9,,84.25,103.3,31.15,40.55,23.8,32.15,8.73,8.73,136.8,20,11.76,55,23.15,11.08,,9.2,48.75,5.82,11.7,4.79,6.07,6.69,51,40.6,137.1,60,85,35.35,23.15,72,4.1,4.16,18.96,47.9,,14.5,17.88,123.4,2.78,332.8,28.95,43.3,40.75,3.11,96.7,7,4.78,11.96,60,255,37.15,95.15,9.28,3.4,24.15,27.45,4.59,300,77.9,32.75,42.75,,,6.82,63.2,5.12,21.4,8.85,62,17.56,110.5,146.7,2.13,118.8,4.4,19.28,,,43.65,3.03,,,72.7
07-31,30.25,51.05,23.2,36.2,25.1,43.4,10.44,20.6,12.32,16.78,5.48,12.98,17.02,5.06,21.2,36,4.22,84.65,102.8,30.2,40.55,24.25,33.75,8.9,8.86,138.7,20.6,12.3,56.2,23.65,11.24,8.9,9.28,49.5,6.01,11.7,4.88,6.29,6.82,50.6,42.6,139,60.6,86.55,34.95,23.4,74.5,4.13,4.22,18.56,48.15,,14.64,19.34,125.3,2.82,340,29.3,43.15,41.15,3.17,97.95,7.2,4.71,11.96,60.1,252,38.9,101.6,9.4,3.47,24.05,27.3,4.71,303,79.95,33.65,42.6,13.6,12.94,6.91,63.35,5.22,19.68,8.92,64.35,,111.1,152.8,2.13,122.1,4.5,20.15,,,43.7,3.07,,30.8,78.2
08-01,30.7,51.45,23.65,36.55,25.7,44.15,10.8,20.8,12.22,17.3,5.55,13.14,17.42,5.07,21.95,36.55,4.14,83.35,104.3,29.3,41.4,24.55,33.75,8.67,8.96,137.3,20.7,12.58,56.45,24.2,11.3,9.06,9.32,50.3,6.08,11.74,4.88,6.41,6.87,50.6,46,138.6,60.85,88,34.3,23.4,76.45,4.16,4.24,18.38,48.55,7.47,14.3,19.9,126.8,2.87,339,30.5,43.65,41.85,3.16,99.65,7.12,4.87,,61.05,254,,102.3,9.32,3.41,24.1,27.75,4.73,302.4,80.15,33.85,43.2,13.6,12.44,6.82,63.3,5.24,19.38,8.7,63.5,17.68,110.9,154,2.15,120.2,4.55,20.45,30.3,6.59,44.2,3.05,69.15,30.9,79.2
08-02,29.65,50.5,23.65,36.2,,41.4,10.86,19.84,,16.8,5.42,12.98,17.58,5.04,21.65,35.9,4.06,81.4,103,28.95,,24.4,33.4,8.56,9.07,133,,,55.25,24.7,11.18,8.74,9.24,50.15,6.03,11.54,4.81,6.25,6.75,49,46.2,132.1,61.1,85.9,,,73,4.17,4.11,17.86,47.55,,13.84,19.4,123.4,2.84,331,30.5,43,41.7,3.14,98,6.97,4.85,12.18,60.75,248,38.15,95.45,9.33,3.34,23.9,26.8,4.7,298,79.35,33.5,42.95,13.26,12.34,6.76,63.35,5.19,,9,61.35,17.04,110.6,151.8,2.11,118.2,4.52,20.15,29.7,6.67,43.35,3.02,67.95,29.9,76.8
08-05,29.5,49.75,23.9,36.1,25.6,42.5,10.76,20.2,12.1,17.14,5.4,13,17.74,5.08,22.75,35.7,4.1,82,105.8,29.95,41.1,24.6,33,9,8.98,134.5,20.95,12.26,54.1,,11.24,8.72,9.37,50,6.12,11.56,4.85,6.36,6.82,51.7,53.05,134,61.5,85.8,36.05,,75.85,4.2,4.15,17.68,47.85,7.86,14.08,19.06,123.9,2.84,331.8,30.05,43.45,41.45,3.15,98.2,7.2,4.9,12.18,61.15,252.8,38.35,97.25,9.65,3.43,22.65,26.7,4.69,296.4,80.25,33,43.4,13.74,,6.81,64,5.19,19.28,8.94,61.5,,111.8,153.6,2.1,119,4.57,20.1,29.9,,43.7,3.08,,,77.8
08-06,30.3,51.7,24.45,36.15,27.25,43.15,10.86,20.5,12.26,17.1,5.63,13.48,17.7,5.11,22.65,37.1,,83.15,,30.15,41,23.95,33.9,9.58,9.42,138.3,21.4,12.5,55.35,,11.5,8.76,9.63,51.75,6.12,12.16,4.88,6.65,6.78,51.7,55.6,139.9,62,87.5,,23.55,76.55,4.23,4.18,17.88,47.9,8.3,14.08,19.18,126.6,2.91,336.4,31.65,43.55,42.05,3.18,98.3,7.65,4.89,12.18,61.1,262,38.4,98.3,10.08,3.43,22.95,27.8,4.78,302,80.95,32.15,43.8,13.98,,6.73,64.2,4.8,19.5,9.19,63.6,17.14,111.8,157.4,2.16,123,4.62,20.9,30.5,,43.9,3.12,73.9,,78.55
08-07,30.65,51.6,24.15,36.1,27.15,43.25,11.04,20.3,12.14,17.22,5.66,12.8,17.74,5.07,12.12,35.75,4.24,84.45,115,33.1,,23.5,,9.65,,141.3,21.3,,55.6,24,11.68,,9.4,51.3,,11.98,4.68,6.69,6.74,52.3,54.75,139.4,61.8,87,39.55,23.4,77.5,4.17,,,47.55,8.28,14.16,18.86,127.1,2.9,339.8,,43.2,,3.16,99.9,7.72,4.97,11.9,61,265.4,,,10.04,3.56,22.9,28,4.83,303.4,81.55,32.05,44,,14.54,6.88,64.65,4.72,,9.45,65.75,17.22,111.1,155.5,1.99,124.1,4.63,,31.05,6.69,44,3.1,,,
08-08,30.5,50.5,23.85,35.7,26.45,40.95,11,19.82,12,16.92,5.61,12.62,17.78,4.57,12.12,33.7,4.25,81.75,116.2,31.4,40.8,23,34,9.4,8.9,136.9,19.78,12.5,54.55,23.4,11.72,,9.18,50.15,6.11,11.88,4.5,6.67,6.72,49.55,57,138.9,61.8,86.2,37.5,,75,3.78,4.11,17.02,47,,14.16,18.8,123,2.88,332.2,30,42.9,41.3,2.87,98.75,7.77,4.91,,60.3,262.2,38.35,94.05,9.87,3.47,22.8,27.8,4.75,295.2,79.2,,43.4,13.8,13.22,6.8,64.15,4.55,19.26,11.08,63,17,109.7,154.6,1.9,119.3,4.54,20.4,30.7,,43.6,3,,,75
08-09,29,49.9,23.6,35.1,25.8,40.6,11.06,,11.72,16.5,5.42,12.28,17.46,4.43,11.92,32.75,4.23,82.3,,30.05,40.2,22.95,32,9.32,8.91,133.9,19.4,,53.45,23.5,11.52,8.51,8.67,49.1,5.92,11.4,4.4,6.39,6.52,47.95,55.85,136,60.55,83.85,36.4,22.8,73.25,3.66,3.99,16.88,46.25,8.54,13.7,17.16,119,2.83,323.2,28.65,42.35,41.15,2.76,96.5,7.74,4.87,11.38,59.65,261.6,38,89.45,9.82,3.44,22.3,26.3,4.61,288.4,77,30.6,42.65,,,6.66,63.65,4.42,18.82,10.88,62.9,16.44,109.2,150,1.89,113.5,4.49,19.92,29.6,6.24,43,2.87,,,74.75
08-12,28.5,50.2,23.75,35.3,26.2,40.35,11.04,19.04,11.8,16.92,5.5,12.34,17.68,4.43,12.12,33.5,4.19,88.95,116.7,30.75,40.05,23.85,32.15,9.34,8.44,139.3,19.88,12.02,53.75,23.8,11.76,8.53,8.68,50.05,5.85,11.56,4.45,6.46,6.52,48.45,54.9,141.7,61.35,82.75,36.45,22.95,77.1,3.62,4.08,16.72,46.7,8.74,13.88,17.62,122.7,2.8,333.8,,42.35,40.25,2.78,95.55,7.9,4.82,11.64,59.4,259.6,38.5,86.3,9.83,3.46,22.75,27.5,4.84,287.4,77.7,30.7,43.05,13.7,,6.52,63.8,4.48,18.64,10.3,63.9,16.1,107.9,151.3,1.91,118,4.57,20.4,28.9,6.27,42.3,2.65,69.1,,76.65
08-13,,50.35,23.75,34.55,26.7,40.75,10.78,18.68,11.5,16.8,5.38,12.1,17.9,4.41,,33.4,4.25,88.5,,29.85,39.5,24.35,,9.42,8.64,139.6,19.46,12.06,54.95,23.7,11.68,8.42,8.49,49,5.9,11.64,4.35,6.4,6.36,,55.5,139.6,60.95,84.4,35.65,,78.6,3.63,4.18,16.68,46.1,,13.72,17.5,124,2.79,332.6,30.2,42.5,40.4,2.75,94,7.81,4.87,11.66,59,258.6,,91,9.73,3.46,22.4,27.8,4.95,285.2,77.6,30.65,42.65,,,6.65,62.5,4.45,18.36,11.48,63.7,16.7,107.3,153.9,1.89,117.3,4.47,20,,6.24,42.3,2.63,,31.55,76.5
08-14,28.35,52.45,23.8,34.95,27.5,41.75,10.9,18.68,11.58,16.42,5.5,12.18,18.1,4.4,11.94,33.2,4.36,89.9,113.7,30.8,39.85,24.6,31.5,9.59,8.5,141.6,,12.1,54.35,23.6,11.98,8.38,8.51,49.65,5.85,12,4.4,,6.38,49,58.9,141.7,60.75,86.4,36.95,,79.35,3.63,4.09,17,46.85,8.52,12.88,17.28,124,2.79,338.6,29.55,42.5,40,2.75,96.25,7.79,4.88,11.78,59.45,266.6,37.75,89.05,9.85,3.43,22.45,28.05,4.9,288,77.5,30.65,42.5,13.7,,6.47,62.7,,,10.8,63.5,17.2,107.8,154.8,1.8,120.7,4.47,19.98,30.5,6.23,42.7,2.62,,,76.1
08-15,28.85,53.05,23.95,35,27.45,41.55,11.2,18.72,11.6,16.38,5.52,12.4,18.12,4.41,,34.25,4.52,92,114.2,31.75,39.95,24.45,31.85,9.63,8.51,146.9,19.78,,57.5,23.85,12.08,8.49,8.65,51.5,5.87,12.38,4.6,6.61,6.39,48.45,60.45,146.3,62.15,86.1,35.25,23.2,82.25,3.61,4.07,16.58,47.15,8.57,13,17.1,131.5,2.86,350,29.1,42.7,40.35,2.76,96.8,7.79,,11.76,60,264.6,38.25,90.85,9.84,3.45,22.65,28.8,5,296.6,81.15,,43.05,14.1,,6.35,62.6,4.53,,10.4,64.75,17,109,160,1.83,130.5,4.48,20.7,31.5,6.13,43.35,2.61,,33.45,78.65
08-16,29.4,54.2,24.15,35.5,27.65,42.15,11.6,18.94,11.68,16.56,5.83,12.5,17.96,4.4,12.1,34.4,4.64,95,112.2,32.3,40.6,24.6,32.3,,8.38,155.2,20.5,11.88,60.45,23.35,12.28,8.6,8.79,53.2,6.06,12.88,4.67,6.7,6.48,50.4,55.85,149.6,62.7,86,37.75,23.25,80.5,3.66,4.14,17.22,47.3,8.86,13.2,17.38,137.3,2.88,354.8,29.4,43.65,40.6,2.77,97.2,7.8,4.9,11.72,60.65,263.8,38.7,91.5,9.86,3.53,22.95,28.75,5.26,304.4,81.65,30.5,43.55,14.42,12.94,6.45,63.35,4.48,,10.84,67.6,16.74,110.2,168.6,1.94,136,4.61,20.7,32.4,6.18,43.7,2.63,,,79.85
08-19,28.6,54.05,23.5,35.7,28,41.7,11.4,18.72,11.6,16.5,5.84,12.48,18.26,4.39,12.02,33.65,4.61,91.45,,,40.35,23.85,31.7,9.15,8.65,147.5,20.05,11.98,58.7,24.15,12.16,,8.76,51.6,6.15,12.56,4.58,6.85,6.43,50.6,56.45,147.9,63.05,88,37,23.4,80.45,3.66,4.12,16.52,47.45,8.81,13,17.14,131.2,2.85,351.8,27.9,44.45,40.25,2.82,98,7.9,5,11.74,61,264.6,37.3,91.65,9.72,3.5,23.3,28.4,5.19,298.2,80.7,30.8,,14.14,12.8,6.41,64.2,4.54,18.82,10.9,68.65,16.54,111.6,164.2,1.9,130.6,4.64,20.2,32,6.19,43.9,2.66,69.95,34.8,77.5
08-20,27.4,52.8,23,34.7,26.75,40.3,10.92,18.14,11.36,15.7,5.8,11.72,17.74,4.25,11.76,32.5,4.66,88.5,114,,40.05,23.7,31.6,9.48,8.29,140.4,19.44,11.6,56.7,23.9,12.2,8.41,8.52,49.85,5.93,12.82,4.39,6.65,6.41,49.95,57,141.5,63.2,87.75,37.3,23.15,77.6,3.55,3.99,16.5,47,8.45,13.02,15.4,125.5,2.85,330.6,,43.6,40.35,2.75,95.6,7.97,,11.5,60.6,266,35.5,,9.6,3.41,22.5,28.1,4.9,292.4,79.15,30.4,42.75,,12.4,6.35,63.25,4.46,18.2,10.62,70.1,16.54,109.5,161.4,1.8,121.6,4.52,,32.4,6.13,42.8,2.62,,32.5,78.05
08-21,27.6,53.9,23.2,34.95,26.9,40.8,11.3,18.06,11.3,16.34,5.84,11.64,17.48,4.33,11.72,33.35,4.78,90.4,120.9,30.75,40.85,23.9,31.15,9.51,8.12,143.3,19.26,11.78,58.5,23.8,12.28,8.35,8.56,50.15,6.2,12.68,4.44,6.72,6.48,48.7,59,141.5,63.5,88.3,,23.1,77.9,3.62,4.04,16.54,47,8.78,13.04,16,128.8,2.83,336,27.25,43.1,40.75,2.75,96.8,8.13,4.94,11.88,61.35,267.4,36.4,87.55,9.77,3.42,22.8,28,4.99,296.4,77.8,30.65,43.2,14.12,12.38,6.25,64.2,4.46,18.14,11.06,69.55,,109.2,161.5,1.8,124.2,4.6,19.2,,5.96,43.15,2.61,67.6,32.45,74.05
08-22,27.1,52.9,23.2,35.55,25.45,40.4,11.2,18.18,,16.6,5.85,11.42,17.02,4.32,11.9,33.8,4.8,89.5,119.6,31.25,,24.25,32.2,9.55,8.02,142.7,19.06,,57.05,23.8,12.24,8.37,8.57,49.85,6.12,12.72,4.42,6.65,6.47,48.95,58,139,64,88.05,35.7,,77.1,3.64,4.02,16.98,47.2,8.46,12.82,16.34,126,2.82,332.8,26.45,42.8,40.35,2.76,96.7,8.09,4.65,11.78,61.3,267.8,35.8,85,9.64,3.45,23.15,27.35,5,293.8,77.25,30.1,42.75,14.16,12.54,6.29,64.35,4.54,,10.96,69.45,16.7,111,160.5,1.64,122.9,4.56,18.64,31.5,5.97,44,2.66,69.1,31.8,67.45
08-23,27.4,53.1,23.2,35.5,26.2,40.3,11.02,18.08,,16.46,5.8,11.4,17,4.32,11.88,33,4.89,90,,32.8,40.8,23.3,32.35,9.48,,141.9,19.2,11.6,58.45,23.8,12.26,,8.6,49.6,6.11,12.8,4.44,6.6,6.37,49.25,56.8,137.5,64,84.5,36.9,,76.5,3.63,4,18.4,47.15,,12.78,16.16,125.6,2.83,328.6,,43.75,40.9,2.77,96.85,8.1,4.48,11.66,61.4,267,36.1,84.5,9.49,3.48,23,27.2,5.05,293,77.05,30.6,,13.9,12.34,6.25,64.6,4.56,,10.98,70.55,,115,156.3,1.72,122.4,4.54,18.5,31.3,,43.65,2.67,,32.3,65.85
08-26,27.75,53.7,23.1,35.5,25.4,42,11.46,19.04,11.32,16.8,5.9,11.54,17.48,4.32,11.6,33.6,4.88,94.05,119.7,33.9,40.7,23.5,32.55,9.76,8,148.5,19.06,11.68,62,24.1,12.32,8.58,8.4,50.65,6.13,12.98,4.47,6.68,6.45,50.05,62.35,144.9,64.35,83.3,39.05,23.2,77,3.61,4.01,19.36,47.8,8.29,12.9,16.98,131,2.82,337,26.85,43.55,40.55,2.77,97.1,8.05,4.61,11.64,61.8,266,36.3,87.25,9.65,3.51,23.2,28.2,5.19,297.6,77,30.25,43.1,14.4,12.72,6.4,64.7,4.53,18.56,11.18,71,16.16,115.2,162,1.73,134,4.62,18.3,,5.98,43.6,2.65,70.2,32.7,67.5
08-27,27.6,53.35,23.3,35.5,25.6,42,11.44,18.56,11.48,17.7,5.73,12.02,16.9,4.4,11.9,35.9,5.09,93,121.4,,40.8,24.2,33.65,9.91,8.3,150.5,20.4,11.96,62.8,24.1,12.34,8.82,,52.3,,13.18,4.59,6.85,6.47,50.45,61.9,144.9,64.5,84.85,39.45,23.25,77.7,3.69,4.1,19.38,48,,,18.7,133,2.93,344.8,,43.85,40.7,2.82,97.6,8.03,4.38,11.72,61.3,265.4,,90.2,10.04,3.52,23.35,28.15,5.26,304,76.7,30.9,43.6,15.28,,,65,4.64,18.98,11.4,70.15,16.66,115.5,166,1.77,132.2,4.61,19.1,,,44,2.73,,33.65,67.15
08-28,27.9,54.85,23.55,,26,41.8,11.52,18.52,,17.9,5.73,12.2,16.98,4.42,12.02,35.35,5.13,94.85,123,33.75,40.9,24.05,34.35,9.74,8.28,152,,,64.35,24.4,12.36,8.74,8.46,52.9,6.16,13.5,4.56,6.85,6.54,50.5,69.55,145.1,64.9,86.65,38.85,23.35,77.75,3.66,4.13,19.5,48.15,8.5,13.08,18.18,136.7,2.91,346,26.35,44.1,41.4,2.8,97.65,7.99,4.41,,62.65,270,37.6,88.65,10.18,3.53,23.6,29.35,5.39,306.6,77.45,30.8,43.95,15.1,,6.36,65,4.6,19,10.76,70.85,16.5,115.5,170,1.77,132.1,4.5,19,32.9,6.21,44.3,2.7,,33.8,67.5
08-29,27.75,56.65,23,35.8,25.65,43,11.92,18.6,11.76,17.9,5.7,12.44,16.56,4.38,11.68,35.95,5.05,93.4,,,40.75,23.85,,9.9,8.25,148.3,20.7,,62.65,,12.42,8.64,8.45,52.85,6.14,13,4.56,6.8,6.64,49.35,80.7,143.8,64,86.75,40.35,23.5,77,3.68,4.14,,48.05,8.26,13.2,18.8,134.2,2.88,343.8,25.55,44.45,41,2.8,96.35,7.8,4.23,,62.45,266,39,88.9,10.78,3.5,23.5,30.75,5.3,304.8,76.9,,44.1,14.84,,6.4,65,4.59,19.3,10.42,69.8,16.62,117.1,167,1.76,126.6,4.34,19.58,31.45,,44.45,2.7,71,34.4,68
08-30,29.95,57.45,23.1,36,27.3,47.5,12.34,18.88,12,18.62,5.67,13.72,16.6,4.52,11.78,39.05,5.23,99,129.7,38,41.2,25.65,36.55,10.66,8.4,162.7,22.7,12.62,68.45,23.75,12.5,,8.79,57.2,6.26,13.48,4.78,7.25,6.6,51.25,94.9,151.6,65,88.3,44.6,23.9,79.6,3.75,4.24,20.7,48.5,8.48,13.38,21.35,149.3,3,360,27.75,45.3,41.45,2.88,99,8.25,4.22,11.88,63.45,275.2,39,91,11.22,3.58,23.8,31.35,5.62,330.6,78.5,31.4,44.6,16.92,13.18,6.59,64.7,4.69,19.34,10.3,74.3,18.3,116.1,171.3,1.85,148.1,4.37,20.85,,6.18,43.95,2.76,72.15,37,76.75
09-02,29.5,56.85,23.35,35.85,26.7,47.4,12.44,18.94,11.92,18.56,5.68,13.6,16.9,4.54,11.76,39.3,5.25,99.7,130,34.6,40.85,25.8,36.2,10.58,8.15,160,,12.94,71,24.3,12.72,9.1,8.81,56.4,6.37,13.4,4.78,7.6,6.69,49.95,81.7,152.9,65,90.65,41.85,24.05,80.1,3.82,4.24,20,48.05,8.62,,19.74,149,3.01,356,,45,41.55,2.92,98.4,8.23,,,63.75,276.6,37.45,93.75,11.38,3.52,23.65,29.75,5.61,328,77.85,32.15,45.65,17.2,12.7,6.49,64.1,4.74,19.44,10.42,76.35,17.98,119.5,172.4,1.87,147.1,4.33,20.9,31.8,6.05,43.95,2.83,69.9,37.2,75.9
09-03,,56,23.3,35.9,25.9,44.65,12.1,18.42,,18.4,5.77,13.48,17.12,4.46,11.68,37.85,5.11,97.65,,34.1,41.35,25.2,35.5,10.5,7.57,158,,12.24,67.15,24.9,12.8,8.84,8.66,54.65,6.43,13.06,4.63,7.52,6.66,48.3,79.8,150,65.55,90.85,,23.6,76.5,3.76,4.16,,48,,13.36,20.05,143.9,2.9,351.6,26.8,44.9,41.4,2.85,96.8,8.15,4.38,,63.8,273.2,,91.45,10.92,3.51,23.5,29.5,5.5,320.6,76.25,31.3,45.15,16.64,,6.5,64.5,4.66,,9.91,78.7,17.72,115.5,169.7,1.8,141,4.35,20.55,30.45,5.94,43.2,2.76,,,73.3
09-04,27.35,54.8,22.75,35.2,25.3,43.4,11.96,17.24,11.18,,5.6,13.36,16.78,4.36,11.32,36.65,5.1,93.7,124.6,32.2,,24.85,34.75,10.64,7.34,149.8,21.85,12.06,65.55,23.95,12.4,8.42,8.4,53.25,6.14,12.98,4.39,,6.5,48,73,144.5,63.35,94.35,38.35,,76,3.7,4.07,,47,,13.1,18.8,140.3,2.85,342,25.25,42.8,40.25,2.82,96.05,8.07,4.35,11.3,62.25,272,,88.2,10.86,3.36,23.05,29,5.34,317,73.8,31.2,43.9,16.5,11.46,6.21,63.9,4.59,18.46,9.5,75.65,,110.9,166.1,1.75,132.3,4.3,20,29.45,5.73,42.35,2.72,66.05,,71
09-05,28.2,56.05,22.85,35.3,26.05,45.15,12.32,17.5,11.14,18.4,5.51,13.8,16.84,4.34,11.26,37.6,5.17,95.25,,32.75,,25.35,35.65,10.66,7.6,155.1,22.85,12.56,69.1,24,12.42,8.81,8.4,54.85,6.13,12.72,4.43,7.38,,48.1,76.5,147.4,63.8,97.85,38.35,,79.5,3.68,4.13,19.98,45.1,8.22,13,20.5,144,2.88,348.6,25.5,42.8,,2.82,96.25,8.04,4.43,,63,270.8,37.45,89.2,10.84,3.46,23,29.8,5.46,322,75.6,,43.9,18,11.52,6.22,63.8,,18.22,9.65,80.6,17.92,109,170.2,1.79,143.7,4.3,21,28.9,5.79,42.5,2.73,,35.95,72.1
09-06,27.6,54.55,22.15,34.8,26.4,43.75,12.16,17.7,10.98,18.34,5.56,13.8,16.58,4.33,11.34,37,5.21,94.35,,32,40,25.2,,10.56,,154.4,22.5,12.78,68.55,,12.38,,8.34,54.05,6.09,12.76,4.44,7.26,6.36,49.4,71.75,145,63.4,96.6,36.5,23,80.75,3.64,4.06,,43.7,8.15,13.1,18.82,144.8,2.88,340.2,25.55,43.2,40,2.8,93.4,7.95,4.35,,61.55,268.6,,87,10.72,3.39,22.9,29.5,5.48,318,74.3,,44.35,17.36,11.38,6.18,64.85,4.54,17.86,9.4,78.05,17.82,107.6,169.5,1.74,142,4.31,20.55,,6,42,2.71,68.3,,70.8
09-09,27.4,55.6,22.3,35,23.45,42.95,12.02,18.16,10.96,17.7,5.62,13.5,16.7,4.29,11.46,35.85,5.17,94.1,128.4,28.45,40.75,24.3,34.8,10.52,7.95,151.5,21.6,12.58,67.6,20.45,12.72,8.68,8.32,53.35,6.09,12.78,4.39,7.49,6.34,49.55,73.5,143.3,64,96.95,32.8,22.9,77.2,3.62,4.05,18.88,44,8.12,13.04,18.52,141.1,2.84,334.4,24.6,43.2,40.2,2.77,93.1,7.97,4.49,11.22,62,266,37.05,87,10.56,3.13,22.75,29.5,5.46,313.2,73.15,30.25,43.95,17.38,10.2,5.85,65,4.49,17.86,9.17,77.9,,107.6,170.3,1.68,138.4,4.36,19.96,,5.56,42.35,2.7,,36,69.25
09-10,26.55,55,22.5,34.8,23.55,41.9,12.02,17.8,10.92,17.74,5.68,13.1,16.56,4.26,,35.6,5.13,92.35,130.2,30.45,40.6,24.3,,10.04,8,148,20.95,12.32,66.05,21.45,12.66,8.8,8.2,52,6.11,12.72,4.3,7.67,6.35,48.55,70.1,139,63.45,96.3,33.85,22.65,76.25,3.58,4.04,19.06,43.1,8.17,,17.18,137.6,2.84,333,22.75,42.85,40.25,2.76,92.2,7.94,4.5,11.06,61.7,257,36.05,87.05,10.26,3.08,22.6,29.1,5.5,309,71.9,30.2,43.9,17.38,,5.8,64.5,4.51,17.32,8.99,77.1,,106,168.2,1.67,135.6,4.36,19.54,30.2,5.72,41.35,2.68,,36.25,69.75
09-11,26.9,,22.6,35,23,42.3,12.12,18.1,10.78,17.42,5.82,13.04,16.68,4.27,11.62,34.5,5.05,93.8,,31.85,40.4,24.15,,10.18,7.78,147.4,,12.02,68.15,21.8,12.86,,8.23,52.4,6.19,12.88,4.29,,6.4,,66.75,139,62.85,84.7,35.1,22.75,79.1,3.57,4.04,19.92,42.95,,12.8,17.8,139.4,2.83,337.2,23.6,42.9,40.35,2.78,90.6,7.97,4.41,11.24,62,257,36,87,10.22,3.18,22.55,28.8,5.55,310.4,72.3,,44.5,17.5,10.42,5.85,64.55,4.53,,9.02,81.4,,,167.2,1.68,135.3,4.5,19.52,30.35,5.82,40.85,2.69,,36.95,70.6
09-12,27,54.95,22.8,35.4,22,45.95,12.18,18.1,10.9,17.24,5.92,13,16.7,4.29,12.1,34.6,5.07,97.15,135.4,32.2,41,24.35,,10.12,7.86,150,20.9,12.04,69.2,22,12.88,8.63,8.4,52.85,6.23,12.88,4.32,7.58,6.44,48.05,66.65,142.1,62.6,79.15,34.8,22.65,79.85,3.59,4.08,20.1,43.05,8.55,,17.46,141.2,2.79,338.8,24.2,43,40.85,2.79,91.8,,4.45,11.28,62.25,258.8,36.55,89.4,10.16,3.22,22.7,29.4,5.65,310.8,74.35,30.45,44.55,18.06,10.58,5.89,65.5,4.55,17.5,8.91,83.5,17.94,106.3,170.3,1.65,135.6,4.52,19.54,,5.85,40.45,2.7,67.8,,70.6
09-13,26.85,53.75,22.5,35,20.65,42,11.6,17.6,10.56,17.04,5.76,12.38,16.34,4.24,11.7,33.15,4.97,92.3,130.7,32.85,40.7,22.9,32.7,9.79,7.4,141.4,20.1,,65.55,21.45,13,8.5,8.12,49.75,6.07,12.3,4.25,7.21,6.36,46.9,63.4,135.1,61.7,80.65,33.3,22.95,75,3.52,4.01,19.64,42.8,,12.46,16.72,133,2.74,328,,42.8,40.5,2.73,91.8,7.85,4.45,,62.45,249.8,,83.3,9.73,3.12,22.4,28,5.14,305.2,70.45,30.25,43.7,16.08,,5.71,66.15,4.5,,8.4,82.1,17.1,105.6,159.6,1.54,127.1,4.37,18.66,29.55,5.68,39.05,2.64,67.45,,67.35
09-16,26.35,53.9,22.35,34.5,20.3,41.6,11.66,17.4,10.4,17.18,5.74,12,16.38,4.18,11.52,32.8,4.76,91.1,,32.4,40.25,23,32.8,9.52,7.28,142.9,20,11.2,65.8,21.25,13.02,8.48,7.98,48.5,5.84,12.42,4.11,,6.25,,64.25,133.3,61.75,82,33.95,22.4,,3.48,3.99,,42.4,,12,17.4,134,2.72,331.2,21.85,42.3,39.9,2.7,90.85,7.71,4.47,11.28,61.3,235,,84.05,9.73,3.15,22.3,28.25,5.23,303,70.2,,43.8,16.34,,5.82,66.4,4.43,17.22,,82.25,16.4,104.5,160.3,1.61,129.5,4.32,18.6,,5.69,38.15,2.6,,35.4,67.15
09-17,25.5,52.7,22.3,34,19.68,40.25,11.62,17,,16.36,5.62,12.18,16.4,4.15,11.26,32,4.66,90,,31.85,40,22.9,32.35,,6.93,139.8,20.2,,63.1,21.05,12.62,8.41,7.94,48,5.75,12.08,4.11,7.1,6.1,44.8,63.7,131.4,59.8,81.4,33.95,21.9,76.1,3.45,4,19.22,42.2,,11.68,16.74,131,2.7,329.8,21.75,42.3,39.25,2.69,90.2,7.7,,11.34,60.65,231.4,,83,9.52,3.13,22.1,27.6,5.22,299.2,70.2,,,16.62,10.22,5.85,66.5,4.38,17,8.08,81.65,16.32,103,160.9,1.55,124,4.32,18.44,,5.7,38.3,2.6,65.35,35.5,67.3
09-18,24.95,52,21.9,33.5,19.3,38.7,11.6,16.9,10.24,16.1,5.56,11.52,16.14,4.08,11.16,30.9,4.64,86.6,123.6,33.15,39.8,22.35,,9.39,6.77,135.4,19.72,11.1,62.05,21.65,12.5,8.03,7.8,46,5.67,11.88,3.9,7.18,5.95,44,61.6,127.2,59.05,80.9,33,,75.95,3.4,3.93,,41.7,,11.88,17.56,129.7,2.67,320.6,21.8,42.3,39.65,2.65,88.3,7.5,4.41,11,60.2,227.2,34.8,83.8,9.5,3.09,21.55,27,5.1,293.6,69.15,29.55,43.2,16.24,,5.74,65,4.23,17.2,8.05,81,,102.2,157.9,1.5,120.5,4.24,18.2,28.4,5.7,38.5,2.56,,,66
09-19,25.25,51.7,22.05,33.3,19.66,40,11.9,17.14,10.18,16.16,5.67,11.62,16.1,4.08,,30.8,4.69,89.25,119.6,32.9,39.35,23,32.5,9.59,7.07,134.6,19.72,,63.6,21.2,12.86,8.3,7.76,45.95,5.7,12.18,3.99,7.23,5.93,46.45,62.85,128.4,59.25,80.55,33.5,21.5,75.85,3.43,3.97,18.24,41.35,,,17.24,131.8,2.66,329.4,,42.4,,2.65,88.1,7.54,4.35,11.2,61,231,34.1,85.75,9.6,3.1,21.6,26.7,4.8,296.2,69.75,,43.35,16.58,,5.81,65.5,4.35,16.98,8.49,83.85,16.96,102.5,158,1.55,123,4.29,18.02,28.1,,38.8,2.56,68.5,35.5,66.8
09-20,25.25,50.5,21.85,32.9,19.5,38.6,11.64,16.76,10,15.8,5.57,11.4,16,4.07,10.94,30.3,4.63,85.7,115,31.45,39.1,22.4,31,9.3,6.84,127.8,19.84,11.28,62.45,21.35,12.78,8.2,7.6,45,,11.76,,7.03,5.86,44.25,59.65,123.5,58.5,79.3,32.5,,72,3.4,3.91,17.44,41.15,,,16.06,128.2,2.63,321,21.5,42.5,38.45,2.63,87.6,7.51,4.33,11,58.8,223,33.95,,9.4,2.99,,26,4.32,289.2,69.25,29.35,42.1,16.38,,5.63,64,4.24,16.86,7.77,,,101.2,153.2,1.51,113.6,4.21,17.9,27.75,5.46,38.2,2.52,,34.05,63.8
09-23,24.9,49.7,21.5,32.2,18.9,38.5,11.38,16.94,,15.54,5.5,11.08,15.76,4.01,10.74,30.05,4.66,86.35,114.2,,38,22.35,30.5,9.09,6.53,129.2,19.2,10.92,62.05,21.9,12.62,8.15,7.56,43.5,5.49,11.7,3.88,7.28,5.84,44.55,65.8,123.6,58.4,78.6,,20.85,73.85,3.36,3.9,17.8,40.5,,11.5,16.06,128,2.57,318.2,,41.6,37.9,2.6,86.85,7.35,4.21,,58.15,220.2,,,9.39,2.98,21,25.6,4.37,282,67.7,29,42.05,15.9,9.55,5.64,63.6,4.25,17.02,7.23,82.25,,99,156,1.49,116.1,4.15,17.32,,5.39,37.55,2.51,,33.9,62.8
09-24,24.8,51.35,21.95,32,19.2,37.2,11.42,16.8,10.18,15.42,5.52,11.22,16.16,4.06,11.04,30.55,4.73,86.6,117,,,22.4,31.05,9.19,6.36,131.3,19.28,11.04,62.6,22,12.7,,7.5,43.7,5.64,12.22,3.97,7.34,5.83,44.5,63.25,125,58.25,80,,20.8,72.65,3.39,3.93,17.96,40.85,8.06,11.72,16.1,129.7,2.59,320,,41.7,38.15,2.61,86.7,7.43,,10.96,58.45,220.8,33.3,79.15,9.2,2.98,20.85,26.1,4.39,282.6,68.75,28.85,41.4,16.4,10,5.66,64.3,,16.68,7.52,82.3,15.56,97,160.4,1.52,115.6,4.21,17.12,,,37.5,2.55,66.65,,61
09-25,24.8,50.3,22.4,,19.02,36.6,11.98,17.1,,15.32,5.68,11.44,,4.12,11.3,30.45,4.75,88.1,,31.95,,22.65,,9.1,6.37,131.8,19.2,10.86,64.65,22,12.78,8.33,7.6,44.3,5.79,12.44,3.95,7.51,5.85,46.55,63.5,132,58.5,75.9,31.5,21.35,74.05,3.42,3.96,18.28,41.2,,11.68,16.18,131.9,2.61,321,,42.4,38.25,2.63,87.85,7.52,,11,59.8,220.8,33.2,78.2,9.33,2.95,21.15,26.2,4.32,284.4,71.7,,41.75,16.24,,5.64,65.05,4.3,16.8,7.35,82.5,15.8,98.5,158.8,1.51,117.9,4.35,17.08,29.95,5.41,37.65,2.55,66,,64
09-26,24.9,50,22.5,32.15,19.16,37.15,12.1,16.9,10.64,15.3,5.6,11.42,15.88,4.1,11.26,30.65,,87.8,,34.5,,23.05,31.6,9.15,6.55,130.2,,10.8,66.65,22.1,12.84,8.36,7.64,44.1,,12.48,3.9,7.42,5.85,47.35,64.2,131.5,58.55,75.65,32.4,21.25,75.5,3.45,3.98,,41.3,,11.92,16.14,135.2,2.61,322.6,24.1,42.55,38.55,2.63,89.1,7.64,4.13,,59.15,225.8,,72,9.48,3.01,21.2,26.45,4.4,287.6,68.7,29,42.75,,,5.81,65.45,4.32,17.2,7.29,84.9,16.16,98.45,155,1.54,118.2,4.36,17.2,,5.08,38.6,2.55,,,62.35
09-27,25.75,51.35,22.8,32.2,19.82,38.8,12.56,17.22,10.98,16.26,5.68,12.06,16.46,4.2,11.5,32.35,4.9,91.85,115.6,35.1,39.55,23.5,32.8,9.8,6.83,136.4,20.8,11.44,69,22.45,13.1,8.68,7.97,47,,12.5,4.01,7.75,5.82,48.6,74.3,137.8,58.9,78.55,34.45,21.8,78.5,3.57,4.04,18.8,42,8.05,12.14,17.9,138,2.75,330.6,24.45,43.25,39.2,2.69,89.1,7.7,4.16,11.86,60.65,232.8,34.9,66.9,9.89,3.1,21.45,27,4.78,308.2,68.9,29.5,42.9,18.38,10.5,5.95,66,4.43,16.64,7.51,84.2,16.9,98.6,161.2,1.58,121.3,4.45,18.64,31.3,5.3,39.1,2.6,68.8,33.2,62.8
09-30,25,51,22.55,32.1,19.4,37.6,12.2,17.02,10.66,15.98,5.7,11.6,15.64,4.18,11.54,31.35,,90.05,119.7,35.1,39.25,23.55,31.9,9.4,6.43,132,19.74,11.12,67,22.75,13.02,8.77,7.82,45.5,5.53,11.88,4.01,7.5,5.72,46.2,72.9,134.4,58.95,78.3,34,20.95,77.75,3.55,4.09,,41.4,,11.9,16.36,136.6,2.68,325.4,24.45,42.85,38.6,2.69,89,7.56,4.04,11.86,59.95,228.8,33.8,61.75,9.56,3.03,21.3,26.85,4.62,295.4,68.9,29.8,43.2,16.7,10.2,5.92,65.6,4.37,15.92,7.19,,,99,162,1.51,116.6,4.55,,,,38.15,2.62,,34.55,63.8
10-01,25.55,51.25,22.8,32.75,21.15,38.75,12.6,17.48,10.62,16.72,5.67,12,15.84,4.2,11.84,31.7,4.8,92,,36.25,39.6,23.7,33.6,9.74,6.8,134.6,20.5,11.8,69.3,23,13.14,9.15,7.94,47.5,,12.4,4.05,7.7,5.72,,75.5,138,59,80,36,21.6,77.3,3.59,4.14,19.3,42.5,,12,17.2,138.8,2.73,333.8,24.95,43.2,,2.71,89.4,7.9,,,60.9,244.4,35.5,65.05,9.94,3.09,21.65,26.85,4.85,312.6,72,29.65,43.5,16.82,,6.03,66.05,4.47,16.68,7.59,86.7,16.7,99.8,165.4,1.57,123.8,4.57,18.1,32.8,,39,2.68,,31.6,65.5
10-02,26,52.1,22.8,,20.45,38.2,12.52,,,17.02,5.66,11.82,15.1,4.19,11.82,31.45,4.7,91.25,110,36.35,39,24.2,34.15,9.6,6.65,132,19.82,,65.8,22.5,13.2,9.3,,47.2,5.74,12.7,3.99,7.92,5.81,46,74.05,141.3,59.2,78.7,,22.05,77.85,3.59,4.15,18.72,42.35,8.1,12.26,17.9,134.1,2.7,331,24.25,43.4,,2.67,90.2,8.04,,11.62,61.55,248.8,34.85,63.75,9.91,3.04,21.8,26.55,4.7,311.4,71.45,29.05,43.45,16.1,,5.94,66.2,,17.42,7.72,86.1,14.7,,163,1.56,120.8,4.57,18,33.35,5.33,39.7,2.68,,,64.8
10-03,26.65,52.9,23.75,33,20.5,37.85,12.52,17.32,10.82,17.32,5.78,12.1,15.16,4.23,12.8,31.8,4.83,92.95,107.8,34.85,39.05,24.65,34.1,9.41,6.78,132.8,19.98,11.78,66.05,22.75,13.54,9.06,7.85,48.2,,12.68,3.9,8.06,5.8,46.3,73.95,142.2,58.6,78.85,,21.4,82.1,3.61,4.1,18.78,42.6,8.25,11.9,17.36,131.9,2.7,330,23.95,42.95,39.1,2.66,89.75,8.09,3.9,11.68,61.35,251,34,61.5,9.91,2.98,22.3,26.9,4.74,308,70.75,29.1,44.75,15.12,10.2,5.97,65.05,4.5,16.94,7.85,85.9,14.96,101.7,163.3,1.58,120.8,4.66,18.44,33,5.32,39.4,2.7,65.4,32.65,64.9
10-04,27.15,51.65,23.65,33.1,21.3,38.8,12.3,16.94,10.8,17.88,5.82,12.72,15.14,4.3,13.52,33.3,5.08,93,106.8,34.3,38.8,25.45,36,9.46,6.8,133.8,20.75,,65.1,22.9,13.86,9.37,7.89,49.25,6.12,13.26,,8.2,5.84,,76.25,142.3,58.25,78,35.2,21.45,79.1,3.7,4.09,18.72,41.75,,12.14,17.9,132.3,2.8,332,24.9,42.5,39.05,2.72,89.35,8.03,3.79,11.56,60.15,253.4,36.35,57.7,9.84,3.1,22.5,27.1,4.77,312.4,70.75,29.85,44.5,15.12,10.5,5.98,65.1,4.64,17.22,7.94,87.4,15.6,101.2,162.2,1.68,121.7,4.66,19.38,34.9,5.24,39.2,2.76,,33.1,65.9
10-07,26.7,50.5,23.5,32.1,20.6,37.95,11.52,,10.54,17.2,5.89,12.4,15.22,4.26,,32.65,5.12,92.1,,,38.4,24.5,34,9.43,6.56,133,,11.88,64.4,21.15,13.84,9.37,7.7,48.05,6.07,12.72,3.91,8.11,5.76,47,73.75,138.5,58,78.05,34.9,21.05,77.7,3.66,4.03,18.48,41.8,8.15,11.84,16.92,128,2.75,329,,42,38.65,2.67,88.9,8.02,3.85,,59.55,250,35.55,56.15,9.79,2.97,22,26.4,4.67,312.8,68.65,,43.55,14.74,,5.77,64.7,4.54,16.94,7.02,86.2,,98,160,1.59,118,4.64,19.08,33.55,5.24,38.75,2.74,,,65.45
10-08,26.6,50.05,23.5,32.15,20.85,37.9,11.8,16.78,10.58,17.72,5.88,12.44,15.2,4.33,14.06,33.25,5.2,93.05,,35,,24.85,34.65,9.62,6.55,131.1,20.55,,65.5,21.65,13.6,9.42,7.77,48.85,,12.84,3.94,7.9,5.74,,73.5,139.6,57.65,76.25,35,21.5,77,3.74,4.06,18,41.8,,11.84,18.1,129,2.77,326.6,,42.15,38.2,2.71,89.3,7.98,3.91,,59.4,249,35.8,56.65,9.83,2.96,22.35,26.35,4.6,312,68.2,,43.85,14.52,9.81,5.68,65.15,4.57,17.08,6.4,81,14.92,98.7,157.4,1.58,119.7,4.46,,34.3,5.03,38.95,2.75,,31.6,64.1
10-09,26.6,49.7,23.65,32.05,19.82,36.85,11.78,16.44,10.44,17.08,6,12.26,15.5,4.25,13.94,32.05,5.04,87.95,100.5,35.35,38.6,24.2,33.05,9.2,6.27,124.2,20.15,11.26,62.25,20.95,13.54,9.33,7.58,47.1,6.06,12.56,3.88,7.81,5.69,44.3,68.7,133.3,56.95,75.8,34.2,20.85,75.1,3.72,4.05,18.12,41.45,7.8,11.66,17.24,122.4,2.74,315.4,23,41.55,38.35,2.67,78.75,7.89,3.97,11.36,59.2,242.8,34.5,54.55,9.51,2.92,22.3,25.6,4.4,300.2,66.95,,43.9,14.4,9.89,5.68,65,4.55,16.7,,79.2,,96,154.4,1.48,107.2,4.49,19.32,,,38.45,2.73,63.5,,59.95
10-10,27.2,49.3,23.7,31.05,20.2,37.3,11.56,16.72,10,16.52,5.91,12.18,15.06,4.29,13.7,32.2,5.25,86.7,,36.1,,24.3,33.1,9.63,6.25,123.5,20.45,11.52,64.25,21.9,13.3,9.5,7.52,46.7,6.16,12.76,3.9,7.91,5.66,44.3,73.25,134.6,57.65,78.1,,20.1,74.5,3.75,4.05,19.26,41.4,7.98,11.32,16.74,124.6,2.79,328,22.7,40.75,,2.68,79.1,8.04,3.98,,58.85,250,35.75,56,9.79,2.98,22.1,25.35,4.66,297,65.85,28.2,44.5,,10.66,5.72,64.6,4.49,15.76,6.05,81.4,14.54,95.5,159.2,1.55,111.2,4.46,19.3,34.5,5.13,37.8,2.78,,30.75,59.65
10-11,27.85,50.15,23.45,31.2,20,37.8,11.86,17,9.94,,5.61,12.22,15.2,4.32,13.28,32.25,,86.85,100.2,36.65,38.5,24.05,33.8,9.9,6.43,124.7,19.8,11.02,64.9,21.8,13.36,9.18,7.55,47.6,6.15,12.58,3.87,7.7,5.62,,73.15,135,58.7,78.85,37.15,20.45,73.95,3.78,4.09,19.02,41.2,7.66,11.1,16.56,124.6,2.75,326,,40.9,38.35,2.69,80.2,8.09,4.06,,59.15,258,,56.75,9.85,2.98,22.2,25.9,4.66,302.6,67.3,,44.3,,,5.8,65.05,4.53,15.86,,82.2,14.32,96.05,159.5,1.51,110,4.31,19.02,34.2,5.09,37.85,2.75,64.95,30.8,61.4
10-14,28.05,50.25,23.95,31.25,19.82,36.9,12.04,17,,16.86,5.51,12.18,15.28,4.37,13.74,32.35,5.15,85.8,98.2,36,38.5,24.5,33.55,9.73,6.34,124.3,19.76,11.18,64.8,21.35,13.22,9.35,7.52,47.2,6.06,12.48,3.85,7.75,5.59,45,71.6,135.1,59.7,78.95,36.6,,73.6,3.78,4.05,19,41.3,,11.26,16.5,123.5,2.72,322.4,22.85,41.2,,2.7,81.15,8.13,4.04,,59.7,246.2,,57.7,9.77,2.94,21.8,25.65,,302,67.5,27.8,44.75,14.78,,5.75,65.2,4.58,16,5.71,80.8,14.02,97,159.7,1.49,108.9,4.28,18.82,33.8,4.97,38.3,2.75,63.6,,62.5
10-15,27.35,50.35,24.75,31,20.05,36,12.4,16.88,10.28,16.7,5.91,12.18,15.64,4.42,14.7,32.7,5.35,86,104,38,38.7,24.3,33.85,9.69,6.3,124.8,19.46,11.02,65.65,21.25,13.98,9.47,7.63,47.3,,13.18,3.92,7.98,5.58,44.7,72,134.2,60.85,75.25,37.05,20.5,73.85,3.81,4.1,19.1,41.6,,11.1,16.48,124.5,2.73,320,22.95,40.95,38.45,2.73,80.8,8.22,4.1,10.94,59.6,243,34.6,57.7,9.67,2.95,22.1,25.7,4.65,299.6,65.55,27.9,44.7,14.94,9.88,5.77,66.5,4.6,15.96,,,13.8,98.25,158.5,1.49,109.7,4.31,18.74,36.5,5.05,37.45,2.76,64.9,,60.85
10-16,27.4,50.35,24.7,31,19.98,35.8,12.04,16.94,,16.22,5.77,12.04,15.22,4.37,14.6,32.15,5.34,85.1,,39.1,38.75,23.9,33.3,9.59,6.06,123.4,,11.12,64.15,21.25,13.8,9.55,,46.7,6.35,13.14,3.93,7.96,5.55,45.4,72.35,133,60.15,75.6,37.65,20.15,,3.77,4.13,19.44,41.7,,,16.06,122.2,2.78,317.2,,40.85,38.95,2.72,81.3,8.23,,,59.4,248,33.9,58.9,9.64,2.93,21.9,25.35,4.68,297,67.55,27,44.1,,10,5.91,66.6,4.58,15.66,5.93,84.6,13.8,98.7,157.8,1.47,109.2,4.26,19.2,,,37.85,2.76,64.5,32.2,62.5
10-17,26.65,51.85,,30.7,19.72,35.2,11.92,,,15.9,5.75,12,15.18,4.37,15,32.3,,84.8,,39.45,38.55,23.95,32.5,9.62,6,121.1,,11.2,63.75,21.85,13.8,9.52,7.54,46,,12.94,3.92,7.98,5.52,44.15,72,132.2,60.7,76.9,,20,71.15,3.75,4.08,19.84,41.45,7.82,,15.8,121.4,,312.8,,40.9,,2.73,80.5,8.13,,10.86,58.65,246.2,33.35,59.95,9.8,2.96,21.9,25.7,4.57,291.4,65.2,,,,,5.91,66.45,4.61,15.52,,87.1,,,159,1.45,107.2,4.26,19.1,36,5.07,37.65,2.75,64,,62.95
10-18,25.95,51.1,25.25,31.15,19.66,34.8,11.84,16.84,10.38,15.86,5.74,11.98,15.46,4.42,15.6,31.9,5.43,84.85,105.1,39.55,,24,32.15,9.45,5.9,119.7,,10.92,63.6,22.25,13.78,9.73,7.59,46.05,6.83,13,3.94,8.04,5.57,43,69.45,129.8,60.85,79,37.5,20.15,,3.82,4.13,19.94,41.7,,11.14,15.34,120.7,2.82,312.6,,40.35,38.95,2.74,81.15,8.27,3.96,10.78,,244.8,,61.6,9.65,2.94,21.75,25.3,4.7,288,64.55,26.9,44.3,,10.28,5.91,67.75,4.65,15.36,5.49,85.55,,,158.6,1.43,107,4.3,19.22,,5.1,37.65,2.85,63.8,31.2,60.75
10-21,25.9,51.75,25.15,30.85,19.32,34.3,11.72,16.74,10.34,16.14,5.79,12.14,15.24,4.43,15.22,31.7,5.29,84.25,108.2,38.4,39.2,24.2,32.35,9.23,5.75,118,19.46,,60.85,22.6,13.76,9.75,7.45,45.75,6.77,12.88,,8.09,,,64.6,127.1,60.7,79.5,37.15,20.15,68.35,3.78,4.1,19.72,41.55,8,,15.12,117.5,2.8,306.8,21.8,40.45,38.35,2.73,80.25,8.32,3.9,10.54,58.85,242.6,,64.9,9.39,2.94,21.4,25,4.71,282.6,65.1,26.5,44,14.4,10.12,5.85,67.55,,15.38,5.52,84.35,13.3,95.7,153.1,1.4,104.5,4.27,19.06,37,5.12,37.9,2.85,,30.95,57.3
10-22,25.85,50.75,24.75,30.45,,33.8,11.52,,,15.8,5.74,12.2,,4.38,15,31.4,5.17,82.65,,,38.55,24,,9.13,5.6,116.3,19.18,10.58,60.1,22.4,13.66,9.69,7.1,45.5,,12.72,3.96,,5.51,41.6,62.2,124.3,60.9,,,19.62,68.3,3.74,,19.12,40.9,,11.04,14.74,114.8,2.8,302,21.35,40,37.9,2.72,79.5,8.22,3.89,,58,238.4,31.75,63.25,9.3,2.83,21.05,24.6,4.48,285.2,64.5,25.8,42.65,14.42,,5.66,67.55,4.61,15.08,5.57,83.25,12.98,94.6,153.8,1.37,100.9,4.23,18.72,36.2,5.06,36.8,2.83,62.45,,55.25
10-23,26.85,,25.2,30.75,19.34,34.5,12.08,16.7,,16.2,5.84,12.4,15.08,4.45,,32.5,5.21,86.2,107,37.15,39.1,24.75,,9.61,5.8,119,,,63.5,22.55,13.82,9.85,7.33,46.9,6.64,12.88,4,7.75,5.55,44.05,65.35,129.8,61.4,79.35,37.7,20.15,71.75,3.81,4.16,19.88,41.85,,,15.12,119.9,2.85,311.4,21.65,40.75,38.15,2.76,80.4,8.18,3.91,11.02,58.5,253,32.9,65.1,9.6,2.95,21.55,24.9,4.7,293.2,65.5,,43.6,14.98,,5.76,68.7,4.77,15.28,,85.4,13.42,96.85,160,1.46,105.8,4.39,19.42,,5.15,38,2.92,,,57.6
10-24,,48.8,25.05,30.3,19.12,,11.82,16,10.18,15.76,5.77,12.28,14.96,4.4,14.8,31.85,5.24,84.45,,39,38.6,24.3,,9.39,,115,,10.52,61.9,22.3,13.58,9.83,7.13,45.5,6.67,,,7.6,5.53,43.05,65.75,128.1,60.7,78.25,37,19.98,69.35,3.73,4.11,,41.3,8.83,11.14,14.16,116.4,,301,,40.4,37.4,2.72,80,8.15,3.85,,58.45,247.8,,64.45,9.22,2.9,21.3,23.4,4.65,290.4,63,,43.15,,9.81,5.65,66.8,4.66,14.82,,87.5,,95.9,158,1.43,104,4.36,19.4,,,37.05,2.88,,30.25,56.25
10-25,25.8,47.7,24.75,30.2,,32,11.78,15.84,9.96,15.68,5.74,12.08,14.68,4.38,14.5,31.95,5.17,83.9,103.8,,38.5,23.7,30.8,9.29,5.5,113.4,,9.9,61.3,22.4,13.38,9.52,7.03,44.8,6.7,12.32,3.91,,5.42,,63.6,128.9,60.75,77.25,,19.52,66.6,3.72,4.07,,41,,11.46,13.7,115.5,2.86,298,20.8,39.4,37.2,2.7,79,8.07,,,,241,,66.05,9.15,2.86,21.1,24,4.63,286.4,61.6,25.5,43.1,,10.38,5.57,65.6,,14.4,,87.4,12.96,94,156,1.43,104.7,4.32,19.5,,5.2,36.9,2.84,63.65,,53.3
10-28,25.6,47.85,25.15,30.55,,31.55,11.94,15.7,10.1,15.96,5.96,12.16,,4.42,14.96,32.65,5.03,84.85,,40.6,38.55,23.7,31,9.23,5.68,113.1,19.32,,62.05,22.3,13.94,9.79,,44.75,6.81,12.12,3.9,,5.45,,65,129.1,60.6,75.75,38,,67.8,3.73,4.05,20.65,40.85,8.35,11.56,13.56,113.1,,301.8,20.6,40.25,37.3,2.72,79.6,7.88,3.75,,57.7,238,,64.95,9.15,2.85,21.15,24,4.52,288.2,64,25,43.05,,,5.74,66,4.71,,,95.15,13.44,95.5,154.9,1.39,106,4.4,,,,36.85,2.89,64.35,,53.95
10-29,24.8,45.4,,,19.3,32.05,11.9,15.3,10.2,15.9,5.95,12,14.7,4.36,14.66,32.65,,84,,39.9,38.15,23.75,,9.18,5.65,111.9,,,62.85,22.5,13.82,9.78,,44,6.62,,3.89,7.39,5.34,42.4,67.75,128.8,61.45,75.25,,,71.8,3.7,4.07,,40.75,,,13.3,112.3,2.82,297.6,20.55,40.1,37.25,2.71,81.45,,,,58.05,235.6,30.1,64.35,9.07,,21.35,23.2,4.49,285.4,63.5,24.3,,14.1,,5.69,65.5,,14.72,,93,,95.25,154.1,1.39,104,4.26,19.5,,,37.3,2.86,,,54
10-30,25.7,46.4,25.35,30.85,19.7,31.95,12.1,15,10.54,15.82,5.78,12.02,14.94,4.37,14.72,32,4.98,84.15,105.5,37.8,38,24.15,29.95,9.18,5.86,112.3,18.68,10.14,61.85,21.85,13.66,9.82,7.08,43.55,6.66,11.6,3.95,7.47,5.38,42,70.2,130.2,60.6,75.85,,20.3,73,3.73,4.04,20.5,41.1,8.5,11.6,13.8,111.5,2.81,302,22.05,40.35,36.7,2.74,83.75,8.03,3.75,10.92,57.35,240.4,,63.4,9.07,2.77,21.2,23.7,4.82,287,64,24.9,44.8,14.14,10.48,5.67,65.35,4.74,14.7,,92,14.06,97.45,157.2,1.41,106.8,4.24,19.18,33.7,5.19,37.9,2.92,,,53.5
10-31,24.9,46.3,24.2,,,31.7,11.88,15,,15.76,5.55,11.66,,4.21,14,31.2,4.91,82.1,,37.2,36.7,23.5,,,5.5,110.7,,,62.6,,13.36,9.89,6.82,42.4,,11.46,3.82,7.44,5.32,40.95,67.95,127,60.9,75.35,35.1,19.4,74.35,3.57,4.01,,40.25,,,13.1,109,2.75,299.8,20.25,39.85,,2.66,80.7,7.7,,,57.15,236,,62.9,9.01,2.73,20.9,22.85,4.69,282,65.6,,43.6,,9.94,5.39,64.1,4.5,14.34,4.87,93.2,,94.25,154.4,1.37,105.4,4.03,,,5.05,36.2,2.74,,,
11-01,25.2,45.35,24.15,29.95,18.6,31.5,11.96,15.16,10.42,15.84,5.36,11.66,14.42,4.28,13.84,31.3,4.92,82.15,100.8,36.6,36.2,23.4,,8.78,5.49,111,18.6,9.6,61.4,21.9,13,10.12,6.72,42.1,6.41,11.4,3.8,7.25,5.34,,70.05,124.9,60.85,74.2,,,,3.63,4.04,,40.3,7.88,11.26,12.84,108,2.77,299.8,,40.05,,2.69,83,7.67,,,56.1,232,,63.05,8.82,2.64,20.95,22.45,4.61,284.8,66.2,,,13.7,,5.3,64,4.46,14.88,,,12.98,94,154.9,1.33,103.6,3.98,,,,36.8,2.82,,,51.5
11-04,25.35,45.95,24.45,,,31.4,11.7,15.88,10.8,15.9,5.48,11.68,,4.32,14.02,31.5,4.9,82,103,38.5,36.65,23.6,29.95,,5.52,113.6,18.26,,62,,13.08,10.14,6.9,42.5,6.49,11.2,3.84,,5.37,,69.5,127.5,61.7,73.25,,,73,3.65,4.15,,40.6,,,13.12,107.8,2.74,303.8,,40.15,36.2,2.7,83.45,7.63,,10.54,56.45,232.6,,63.95,8.91,2.67,21.15,22.5,4.6,288.4,67.35,24.4,,14.18,10.16,5.36,64.35,4.44,15.16,,94.8,13.42,95.45,157.2,1.36,102.5,4.05,18.74,,4.9,36.95,2.83,,,51.2
11-05,,,,,,,,,,,,,,,,,,,,,,,,,,,,,,,,,,,,,,,,,,,,,,,,,,,,,,,,,,,,,,,,,,,,,,,,,,,,,,,,,,,,,,,,,,,,,,,,,,,,
11-06,26.25,46,25,30.65,19.02,32.4,12.2,15.6,10.8,16.12,5.75,11.96,14.48,4.43,15.1,32.5,,83.9,105.8,40.9,37.3,23.75,30.7,8.86,5.51,116.1,,9.5,63.4,22,13.64,9.71,6.88,44.1,6.62,11.8,,7.35,5.49,42.8,64.4,132,62,75.1,,20.35,73.5,3.73,4.21,20.9,41.35,8.15,11.24,13.36,111.9,2.78,308,20.6,40.8,37,2.75,85.15,7.8,,10.8,56.8,236.2,30.55,63.5,9,2.82,21.5,22.75,4.72,292.2,67.95,24.75,44.75,14.1,10.46,5.51,65.3,4.78,15.3,,94,,97.15,163.8,1.41,104.7,4.17,19.12,35.1,5.03,37.4,2.92,,29.15,53
11-07,26.15,46.75,25.05,30.85,19.36,32.3,12.48,15.84,10.7,16.28,5.79,12.12,14.56,4.46,14.68,32.75,4.99,85.35,,40.75,37.25,24.05,30.75,9.14,5.47,118.7,18.9,9.37,65.1,21.8,13.6,9.88,7.06,44.5,6.9,11.98,3.87,7.14,5.65,43.5,66.4,133.1,62.95,75.3,37.45,21.1,75.2,3.77,4.2,20.55,41.5,7.78,11.54,13.26,115.5,2.8,314,20.55,41.7,37.1,2.76,85.6,7.57,3.66,10.78,56.9,243.8,30.75,65,9.19,2.79,21.85,23.2,4.79,293,69,25.4,44.8,14.02,10.64,5.58,65.2,4.8,15.22,5.3,92.95,,96.95,168.1,1.45,112.2,4.18,,35.25,5.04,37.65,2.92,64.15,28.85,54.45
11-08,26.5,46.15,24.8,31.35,20.55,34.55,12.56,15.8,10.94,16.5,5.74,12.5,14.74,4.58,14.36,33.45,5,86.9,97.1,43.45,38.1,23.75,31,9.1,5.96,119.6,19.66,9.85,65,22.5,13.58,9.94,7.01,45.65,6.86,11.96,3.99,6.92,5.61,44.05,66.5,133.1,63.6,76.15,39,20.8,76.3,3.91,4.32,21.45,41.85,,11.4,13.36,120,2.8,316.6,20.95,42,37.9,2.82,86.2,7.56,3.7,11.28,57.7,245.2,31.8,64.55,9.3,2.9,22,22.6,5,297.2,70.3,24.75,45.45,14.32,10.84,5.8,65.3,4.8,15.08,,102.5,13.5,96.5,170.9,1.5,114.7,4.28,19.8,,5.18,38.2,2.95,63.8,,64
11-11,26.25,45.55,24.75,31.4,19.82,34.25,12.4,15.58,10.78,16,5.63,12.32,14.64,4.65,,33.15,4.95,83.25,99.3,43.4,38.05,23.4,30.6,9.5,5.88,109,19.7,10.44,63.15,22.15,13.36,10.14,7.06,43.95,6.81,11.84,3.97,6.75,5.65,44.7,64.15,126.2,62.95,75.5,38.85,21.1,74.85,3.9,4.37,21.3,41.2,,11.3,12.7,114.5,2.85,312.8,20.55,40.85,37.8,2.83,84.1,7.73,3.68,,58.15,246.6,31.8,61.4,9.26,2.84,21.85,22.4,4.9,293,68.6,24.75,45.8,14.36,,5.83,64.4,4.87,14.84,5.58,98.55,13.4,97.85,167.5,1.46,110.4,4.21,20.2,34.6,5.14,37.4,2.99,62.6,,60.35
11-12,26.1,45,24.65,,19.98,35,12.6,15.1,10.5,15.9,5.7,12.34,14.5,4.64,14.38,32.6,,82.2,99.7,45.25,37.35,23.25,30.2,9.69,5.71,104.9,20.2,9.86,63.1,22.35,13.74,9.86,6.93,44.05,6.86,12.12,3.96,6.74,5.59,44,64.15,122.5,62.1,,39.05,20.7,76,3.85,4.34,,40.45,7.78,10.92,12.38,113.5,2.84,308.8,19.74,40.6,,2.82,83.5,7.67,,10.44,57.75,245,,61.65,9.35,2.83,21.2,21.8,4.96,291.2,68.25,24.1,43.75,14.02,11.4,5.7,64.6,4.86,14.42,,102.2,12.9,96.65,164.6,1.44,107.9,4.22,20.6,35.4,5.1,37.1,2.97,61.65,28,61.85
11-13,25.9,44.15,25.1,30.85,19.32,33.9,12.72,15.34,10.62,15.68,5.69,12.58,14.34,4.66,14.28,32.4,4.84,81.85,100.9,44.5,37.75,23.35,30.3,10.12,5.71,107.5,20,9.76,63.35,21.2,13.6,9.71,6.95,43.55,6.86,11.88,3.9,6.69,5.64,43.95,60.1,121.4,62.4,69.85,38.55,20.95,77.65,3.87,4.38,21.3,40.95,8.11,11,12.12,115.6,2.82,304.6,19.62,40.15,37.05,2.81,83.8,7.72,3.54,10,58.05,241.4,30.5,61.85,9.31,2.81,21.25,21.4,4.82,290.2,69.2,24.9,43.85,13.98,11.86,5.75,64.9,4.87,14.5,5.81,98.15,12.8,96.7,164.9,1.45,106.3,4.17,20.65,35,5.05,36.95,2.97,,27.6,61.7
11-14,25.65,43.7,24.95,30.6,19.9,33.2,13.04,15.12,10.44,15.4,5.73,12.32,,4.66,14.14,32.3,4.85,81.9,,44.45,37.75,23.25,30.4,10.3,5.7,103.7,19.84,9.63,61.05,20.7,13.64,,6.92,42.55,,11.96,3.95,6.43,,,59.9,117.2,62.05,69.8,39.1,20.75,78.8,3.91,4.3,21.35,40.6,8.19,11,11.82,113.4,2.82,300.2,19.26,40,37.05,2.84,83.4,7.73,,10.38,57.7,251.8,30.1,61.6,9.32,2.8,21.3,20.8,4.85,289.4,68.6,,43.5,,11.36,5.7,64.85,,14.6,6.25,97.85,,96.15,160.5,1.42,105.4,4.31,20.9,35.3,5,37.05,2.99,59.1,27.5,60
11-15,25.55,43,24.55,30.6,19.46,32.45,13.18,14.82,10.36,15,5.7,12.1,14.44,4.63,14.52,31.95,4.68,80.9,,42,38,23,29.4,10.48,,99,,,55.5,20.5,13.74,9.71,6.86,42.1,6.86,11.64,3.91,6.46,5.57,,53.8,110,61.2,68.35,,20.55,79.95,3.82,4.34,19.76,40.35,,10.6,11.6,111.8,2.81,295.4,,39.6,37.35,2.8,82.5,7.75,3.48,10,58.2,257.2,30.2,61.3,9.2,2.7,21.05,21,4.6,285.8,68.2,24.4,,13.82,,5.55,65.7,,14.76,6.01,94.55,12.62,94.05,161.8,1.4,101.2,4.24,20.4,33.9,,36.5,2.93,,27.05,59
11-18,,42.9,24.1,29.95,19.38,30.35,13.42,,10.5,14.8,5.63,11.24,,4.52,13.9,30.05,4.65,78.2,96.5,42,37.5,22.65,,10.2,5.05,96.05,19,,55.5,19.8,13.64,9.45,6.7,40,6.76,11.64,3.8,6.41,5.5,42,53.55,104.9,60.05,67.6,37.3,20.35,79.05,3.77,4.32,,39.6,8.09,,11.5,108.5,2.72,287.4,,38.5,36.6,2.76,81.3,7.61,3.46,9.99,,245,29.25,60.5,8.87,2.65,20.8,21.05,4.52,280,65.6,23.9,42.95,13.32,,5.49,64.8,,14.3,5.75,,,92.8,158.4,1.4,98.95,4.11,19.4,32.7,4.75,35.45,2.85,58.9,28,65
11-19,24.95,43.65,24.1,30,19.04,30.85,13.28,14.18,10.3,14.96,5.54,10.92,14.38,4.49,13.94,30.65,4.42,78,99.3,43.55,37,22.7,29,9.9,5.23,95.5,18.74,9.2,56.55,19.64,13.26,9.22,6.64,40.05,,11.34,3.74,6.58,5.51,41.4,54.95,105.1,58.65,68.6,37.75,20.55,76.1,3.72,4.38,,39.7,7.84,10.6,11.64,107,2.7,287,18.38,39.2,36.2,2.73,81.7,7.65,3.4,10.14,56.45,244.4,29.4,57.95,8.72,2.63,20.8,21.25,4.5,282.6,66.3,24.85,42.9,13.4,11.42,5.57,64.35,4.62,14.84,5.38,91.85,13.08,91,158.3,1.38,98.15,4.02,19.14,33,4.52,35.2,2.85,56.2,27.45,64.8
11-20,25.25,44.35,24.6,30.5,18.94,31.65,13.5,14.66,10.66,15.2,5.55,11.1,14.3,4.6,14.3,31.65,4.66,80.8,98.5,45.3,37.9,22.7,29.7,10.62,5.19,98.2,19.12,9.35,56.25,20.4,13.4,,6.65,42.2,6.84,11.88,3.8,7,5.65,42,59.45,108.4,59.25,71.25,39.95,21.4,79.7,3.84,4.34,20,39.85,,11.12,11.7,112.8,2.73,292.4,19.9,39.55,37.1,2.76,80.9,7.66,3.39,10.02,57,244.6,30.4,63,8.91,2.74,20.95,21.55,4.54,297.6,67.9,25.2,43.95,13.8,12.82,5.91,64,4.77,14.6,5.36,94.9,12.8,92,166.9,1.4,105.6,4.15,20,,4.8,36,2.88,57.85,,65.65
11-21,25.15,44,24.6,29.8,18.46,26,13.28,14.7,10.2,15.1,5.31,10.84,,4.5,14.4,31.1,4.62,79.2,,45,37.55,22.75,30.55,10.5,4.87,97.8,18.6,8.98,51.55,19.7,13.16,,6.83,40.4,6.68,11.86,3.74,7,,41.55,55.85,105.8,58.2,70.35,,,76.45,3.8,4.38,,39.2,,10.64,11.32,109.5,2.68,286.8,18.56,39.05,36.35,2.71,79,7.81,3.37,,56.4,240,29.6,61.2,8.79,2.68,20.65,21.45,4.4,277,67.35,,43.95,13.44,,6.02,62.1,4.7,14.2,5.3,92.3,,89,161.8,1.38,101.4,4.07,19.16,,4.73,35.85,2.82,57.85,29.3,64.8
11-22,25.25,44.65,24.45,28.6,18.2,23.4,13.38,14.84,10.16,15.18,5.33,10.48,14.64,4.57,,31.3,4.62,80.45,98.7,42.25,37.6,22.95,29.45,10.9,4.68,101,,8.89,52.4,19.52,13.28,9.44,6.73,40.4,,11.76,3.83,7.13,5.53,41.2,58,105.8,58.2,70.3,,20.4,76.85,3.84,4.5,,39.05,7.79,10.68,11.42,110,2.66,287.6,18.66,38.5,36.7,2.75,79.95,7.76,3.6,10.38,56.6,244.6,29.6,58.65,8.88,2.66,20.75,21.25,4.47,272.8,68.6,25.5,44.2,13,12.68,6.01,62.85,4.73,14.38,,92.25,12.7,89.4,162.4,1.39,103.2,4.09,19.14,35.2,,35.9,2.91,57.55,28.75,65.05
11-25,25.65,,24.05,29.55,18.8,24.5,13.46,,,15.12,5.25,10.56,14.84,4.56,13.9,30.55,4.56,80.75,,45.6,37.85,22.8,29.65,11.6,4.62,100,17.5,9.14,51.35,19.28,13.22,9.28,6.76,40.3,6.58,11.8,3.74,7.3,5.45,41.9,57.85,104.8,57.35,71.3,41.3,20.95,77.15,3.85,4.57,,39.6,8.12,10.72,11.42,111.1,2.65,291.6,19.08,38.95,,2.76,80.3,7.93,3.63,10.16,57.8,241,30.65,56.5,8.85,2.91,20.9,21.2,4.55,275.4,67.35,25.6,44.05,13.14,13.92,6.59,62.7,4.77,14.46,5.1,97.55,13.3,89.8,168.1,1.4,104.8,4.1,18.5,35,,35.75,2.89,59.55,29.1,65.1
11-26,26.3,44.3,24.05,29.75,19.76,24.55,14.24,15.48,10.46,15.28,5.23,10.7,15.16,4.47,13.78,30.25,4.79,81.3,,46.85,37.85,23.1,30.25,11.8,4.76,101.3,17.1,9.26,50.15,19.26,12.86,8.8,6.73,40.4,6.58,12.22,3.57,7.43,5.6,43,58.55,103.9,56.3,72.4,42.6,20.7,78,3.74,4.65,22.25,39.85,,11,11.64,113,2.54,295.4,,,36.5,2.72,81.55,7.95,3.69,,57.8,246.2,31.05,58.5,9.02,3.06,20.75,21.1,4.66,280,68.65,26.5,44.85,13.06,14.98,6.69,61.5,4.66,14.5,,96.4,,90.05,169.8,1.42,108.6,4.04,19.12,33.65,4.93,36.35,2.85,59.95,,68.35
11-27,25.65,44.15,24,29.45,19.46,24.15,14.16,15,,14.84,5.11,10.62,15.1,4.45,13.52,29.75,4.56,80.1,,45.7,37.7,22.35,29.5,11.04,4.62,99.2,17.14,,50.6,18.54,12.68,9,6.65,40,6.5,12.12,3.57,7.32,5.52,41.9,57.3,102.7,56.6,71.8,43.65,20.4,77.5,3.78,4.67,22.35,39.65,8.3,11.04,11.38,111.1,2.59,288.8,18.2,39.2,,2.76,80.5,7.9,3.67,10.48,57.85,237.4,30.3,60.2,8.9,3.04,20.85,21.1,4.63,273.8,67.4,25.9,44.95,12.58,14.34,6.85,61.95,4.61,14.4,,93.75,,90.1,166.3,1.4,106,4.03,19.14,33.4,4.87,35.9,2.9,,29.8,66
11-28,25.85,44.5,24.3,29.85,19.42,25.7,14.4,15.2,10.58,15.04,5.22,10.78,15,4.54,13.58,29.95,4.59,81.2,99.45,45.5,38.1,22.75,29.5,11.54,4.82,100.5,17.14,9.18,51.95,18.92,13,9.33,6.68,39.9,6.68,12.06,3.6,7.41,5.52,41.75,60.6,103.6,56.75,72,44.25,21,80.9,3.8,4.75,22.85,40,,11.2,11.56,110.7,,290,18.34,39.9,36.6,2.8,82.8,7.92,3.72,10.48,57.85,237,29.9,60.3,9,3.09,21.1,20.95,4.67,277,68,26.4,45.35,12.36,14.64,6.88,62.25,4.67,15.16,4.9,91.1,,90.7,169.4,1.41,103.1,4.05,19.26,,,36.45,2.93,,28,65.4
11-29,26.2,43.8,24.25,,19.3,26.45,15.28,15.18,10.68,15.02,5.25,10.78,15.06,4.49,13.48,30.05,4.5,81.9,,47.75,38.55,23.4,29.05,11.78,4.69,101.2,,9,52.3,18.8,13.16,9.14,6.75,41,6.63,12.08,3.69,7.21,5.58,41.3,64.85,104.9,57.55,72.15,45.8,21.95,83,3.82,4.75,22.6,40.75,,11.34,11.54,109,2.59,292.2,17.48,39.85,37.35,2.82,83.15,7.96,3.73,10.6,58.8,235,,60.15,9.3,3.08,21.15,20.9,4.75,278,69.2,,44.95,,14.7,6.95,62.6,4.71,15.16,4.99,93.25,14.1,91.8,169.5,1.41,107.4,4.1,19.3,,4.88,39.35,2.93,58,28.05,67
12-02,27,45.3,24.85,30.55,20.5,28.05,15.46,15.52,10.64,15.3,5.26,11.1,15.14,4.57,13.34,31,4.55,84.3,100.5,47.35,39.95,23.1,29.6,11.68,4.96,106.8,17.32,,57.5,,13.2,9.3,7,41.65,6.87,12.06,3.75,7.3,5.72,41.5,66.65,107.7,58.6,74.8,45.05,22.2,86,3.85,4.68,23.2,41.05,8.43,,12.02,114.3,2.64,309.8,20.5,39.9,38.2,2.84,83,8.03,3.83,,59.2,247,31,62.05,9.59,3.43,21.5,21.8,4.87,292,72.8,,44.95,13.34,,7.05,63,4.75,15.7,5.13,93,,92.6,173.6,1.45,116,4.11,,31.5,4.92,39.8,2.96,,28.3,70.8
12-03,26.3,46,23.8,30.2,21,27,15.3,16.08,10.8,15.44,5.03,11.08,14.86,4.53,13,31.15,4.48,84.4,96.8,48.2,39.7,23,29.85,11.82,5,106.2,17.88,9.23,57.5,19.34,12.74,,7.03,41.5,6.76,11.8,3.68,6.99,5.66,43.3,68,106.6,58.85,75.35,47.6,22.05,83.05,3.76,4.75,24.35,40.25,,11.88,12.58,116.3,2.64,312.6,19.54,40.25,37.5,2.8,80,7.68,,10.44,59,249.2,31.7,61.7,9.72,3.48,21.6,22.5,4.91,291.8,71.5,26.95,44.2,13.88,14.72,7,61.95,,15.36,5.26,99.7,,92.5,173,1.51,114.7,4.05,18.8,30.7,4.93,39.1,2.89,59.2,28.75,71.6
12-04,25.75,45.05,23.85,29.5,20.5,26.4,15.88,15.6,10.58,15.1,5.04,10.96,14.78,4.45,13.1,30,4.34,83,95.2,48.45,39,22.6,29.7,11.92,4.96,103.6,,9.15,58,18.6,12.64,9.25,6.81,40.05,,11.8,3.63,7.28,5.53,41.8,66.8,105.8,58.95,73.95,47.95,21.4,81.2,3.77,4.65,24.4,39.7,8.33,11.5,12.28,115.8,,309.4,19.04,39.15,36.8,2.8,78.8,7.65,,10.26,59.1,248,30.75,60.75,9.74,3.42,21.1,22.1,4.89,289.4,69.2,26.1,43.9,13.72,14.66,7,62.5,,14.92,5.05,98.4,,91.4,172,1.55,112.8,4.03,17.52,29.8,,37.7,2.85,57.95,,72.05
12-05,25.95,45,24.15,29.45,20.5,26,16.32,15.76,10.46,15.12,4.96,10.58,,4.45,13.1,29.8,4.22,82.5,,47.4,39.1,22.65,29.75,11.6,4.92,103.2,16.96,,58,19.2,12.38,9.26,6.81,38.05,6.63,11.66,3.61,,5.43,41.5,63.3,105.5,57.85,73.85,47.85,21.1,81.6,3.7,4.66,24.15,39.5,,11.58,12.74,114.5,2.54,305,20.4,38.8,36.6,2.8,78.65,7.68,3.61,10.12,,246,,59.7,9.56,3.57,21,21.85,4.93,289.6,69.35,26.2,44.7,13.3,,7.03,62,4.66,14.94,4.88,97.65,,89.3,176,1.53,113.7,4.02,17.02,,4.8,38.5,2.83,,,71.2
12-06,24.75,43.9,24.2,29.05,18.58,24.65,16.22,15.38,10.38,14.42,4.94,10.5,14.92,4.43,13.62,29.35,,80.9,95.8,47.05,38.45,22.4,28.2,11.5,4.91,99.8,,9.13,56.85,,12.56,9.15,6.72,37.1,6.76,11.66,3.62,,5.4,40.6,62.05,103.5,57,74.2,47.6,21,80.35,3.7,4.63,23.75,38.95,8.18,11.6,12.22,113.2,2.52,304.6,19.68,38.45,36.3,2.79,77.25,7.74,3.63,10.38,57.9,241.2,28.5,,9.42,3.45,20.8,21,4.73,283,69.8,,,,14.44,6.82,62.35,4.55,14.78,4.69,94.8,14.68,88.5,175.7,1.47,111.8,4,17,,,39.5,2.82,57.3,,67.6
12-09,24.25,41,24.5,29,16.96,24.65,16.42,15.08,10.42,14.38,4.99,10.3,15.42,4.44,13.66,29.2,4.28,80,92.8,46.85,38.3,22.3,,11.2,4.48,99.8,16.52,,55.2,19.26,12.66,9.3,6.73,37.05,6.9,11.6,3.54,,5.31,,60.25,102.1,57.7,72.8,47.95,20.75,81.5,3.69,4.53,,39.05,,11.3,11.86,111.1,2.51,302.2,18.7,37.9,36.5,2.79,77,7.78,3.83,10.3,,243,,57.3,9.3,3.44,20.55,20.3,4.72,283.8,69.1,,44.1,13.3,14.38,6.8,61.6,4.57,14.64,4.7,94.95,,87.5,176,1.46,111,4.02,16.72,31.35,4.73,38.6,2.81,,,68.9
12-10,24.75,41.65,24.5,,17.58,24.5,16.22,,,14.36,5.12,10.6,15.38,4.49,13.58,29.2,4.32,80.25,95.6,44.5,38.35,22.35,27.85,10.98,4.85,100.4,16.56,9.13,57.85,19.46,12.98,9.31,6.88,37.5,6.93,11.68,3.56,7.13,5.43,41,61.9,104.8,58.2,74.5,47.15,21.6,83.25,3.74,4.68,23.25,39.25,8.23,11.42,12.26,111.2,2.59,311.8,19.46,38.4,,2.82,,7.78,3.77,,,244,,57.3,9.39,3.66,20.95,21.05,4.81,287.8,71.45,26.6,44.45,13.34,,6.88,62.25,4.63,14.9,4.55,92.5,14.8,87.35,179.6,1.53,112.7,4.09,16.88,,,38.25,2.85,,,70.35
