Minutes,Stock1,Stock2,Stock3,Stock4,Stock5,Stock6,Stock7,Stock8,Stock9,Stock10,Stock11,Stock12,Stock13,Stock14,Stock15,Stock16,Stock17,Stock18,Stock19,Stock20,Stock21,Stock22,Stock23,Stock24,Stock25,Stock26,Stock27,Stock28,Stock29,Stock30,Stock31,Stock32,Stock33,Stock34,Stock35,Stock36,Stock37,Stock38,Stock39,Stock40,Stock41,Stock42,Stock43,Stock44,Stock45,Stock46,Stock47,Stock48,Stock49,Stock50,Stock51,Stock52,Stock53,Stock54,Stock55,Stock56,Stock57,Stock58,Stock59,Stock60,Stock61,Stock62,Stock63,Stock64,Stock65,Stock66,Stock67,Stock68,Stock69,Stock70,Stock71,Stock72,Stock73,Stock74,Stock75,Stock76,Stock77,Stock78,Stock79,Stock80,Stock81,Stock82,Stock83,Stock84,Stock85,Stock86,Stock87,Stock88,Stock89,Stock90,Stock91,Stock92,Stock93,Stock94,Stock95,Stock96,Stock97,Stock98,Stock99,Stock100
09:31:00,21,21,14,24,238,50,261,17,22,23,70,13,52,58,7,102,10,300,3,37,9,45,29,35,44,112,9,25,187,8,67,6,10,218,32,88,60,2,20,17,80,98,29,6,21,8,45,9,15,12,0,2,20,64,207,1,252,6,30,9,9,16,12,9,0,5,62,38,0,63,48,12,40,35,108,154,0,28,26,6,128,17,0,33,14,5,5,17,68,48,52,4,25,9,12,96,0,0,1,69
09:32:00,13,66,7,2,326,20,113,16,6,12,71,11,24,9,0,75,10,221,2,42,6,1,3,55,4,59,41,1,104,1,5,1,14,114,30,9,8,0,10,5,47,84,12,9,21,5,1,67,0,10,15,7,1,25,114,0,85,12,0,2,22,1,3,3,0,0,19,9,21,25,16,0,34,1,29,27,0,8,26,0,15,17,5,2,12,44,0,21,29,86,38,36,0,5,15,24,5,0,1,28
09:33:00,23,33,6,11,105,41,119,15,17,6,38,15,17,103,3,23,1,161,7,34,7,30,9,80,5,78,15,5,157,16,22,1,29,107,11,4,3,1,26,32,80,75,4,18,10,10,24,10,1,3,30,3,17,28,133,1,133,9,23,5,20,25,5,8,0,19,43,4,43,19,24,0,39,8,39,40,0,12,43,0,35,18,0,19,4,7,5,45,32,21,86,0,3,1,7,39,3,0,1,31
09:34:00,8,30,3,5,198,29,213,8,3,12,34,0,9,7,12,33,1,172,4,20,0,1,7,23,15,75,2,17,62,7,2,6,9,132,16,7,4,29,3,10,66,153,21,23,33,0,6,38,23,27,22,8,0,33,180,6,160,0,7,4,0,6,12,1,0,16,22,7,10,18,40,19,13,4,103,30,0,9,3,2,36,4,3,8,0,14,0,29,24,66,28,8,29,0,17,14,18,0,3,34
09:35:00,19,18,2,3,157,17,195,9,5,12,120,40,19,7,9,15,0,160,0,8,9,2,4,52,11,58,6,3,74,22,3,1,27,39,3,2,3,13,33,1,41,77,9,25,6,5,19,22,1,23,4,0,4,29,140,0,95,9,9,3,1,10,8,9,0,5,15,9,9,23,40,12,3,11,19,4,0,0,7,21,7,31,14,13,3,10,15,51,3,18,30,3,1,4,0,19,0,0,12,53
09:36:00,5,29,10,34,217,9,113,9,14,5,32,12,3,1,1,67,11,104,3,26,2,64,15,49,8,87,2,5,79,0,3,18,2,106,7,0,5,10,4,24,107,49,62,10,12,0,21,85,2,7,5,0,5,29,77,9,212,7,16,2,5,54,2,11,0,1,47,9,4,102,30,22,23,8,15,37,0,5,2,9,10,7,7,6,8,7,3,56,36,45,36,3,16,6,0,44,0,0,3,63
09:37:00,3,25,3,3,62,25,118,5,6,26,29,0,12,3,5,6,0,51,2,18,0,18,1,2,7,17,28,2,115,8,1,3,0,30,2,8,17,6,9,1,19,20,9,2,17,9,3,4,1,17,1,0,0,18,78,4,55,0,12,1,0,4,12,0,0,1,15,14,2,61,20,0,5,0,15,3,0,4,3,3,9,7,0,9,4,8,1,12,10,13,14,5,38,3,2,36,0,0,0,25
09:38:00,1,13,1,1,173,4,90,0,6,26,8,3,7,6,2,3,0,22,1,11,3,12,0,41,4,26,2,1,156,2,9,2,0,18,0,3,18,1,19,0,24,19,10,2,5,0,0,2,0,12,4,0,0,17,57,3,40,4,0,1,0,2,7,2,0,1,9,0,11,11,11,8,8,0,5,4,0,0,7,6,28,7,0,2,1,11,6,9,0,25,45,3,26,0,1,13,0,0,0,29
09:39:00,0,14,2,19,48,33,137,8,4,0,30,0,3,9,1,11,1,71,0,12,37,23,2,54,3,81,2,3,183,8,12,7,6,51,5,13,6,5,3,5,37,31,15,8,9,0,8,0,0,11,6,2,10,30,79,0,83,4,10,3,0,3,7,0,0,4,15,1,7,22,16,3,2,5,8,2,57,9,1,0,26,9,0,8,0,5,2,34,12,49,67,3,41,0,0,28,0,0,0,20
09:40:00,17,6,19,4,102,25,102,21,23,14,58,27,10,98,12,41,0,2,0,18,1,7,1,68,3,25,0,0,109,4,32,0,10,21,1,6,41,0,5,3,22,12,36,13,9,0,6,39,0,1,16,0,11,24,57,4,101,0,8,3,1,5,2,0,0,7,15,2,16,30,17,19,5,1,22,43,2,20,7,0,14,12,6,5,0,6,0,15,24,19,15,56,1,0,0,15,0,0,0,12
09:41:00,25,6,10,16,56,9,168,17,4,32,61,20,20,10,9,63,0,271,9,87,0,27,19,94,3,169,26,9,62,18,14,11,30,610,0,5,6,4,1,18,45,91,22,6,10,6,10,2,17,12,25,3,3,85,355,2,163,16,62,0,2,14,6,8,0,14,32,1,8,25,68,0,3,24,40,16,17,7,7,1,20,7,1,5,0,13,3,8,22,1,32,8,8,7,29,30,9,14,32,30
09:42:00,8,1,4,0,231,26,77,1,1,9,8,0,3,24,14,31,3,57,1,61,1,2,9,30,1,27,15,2,64,14,153,3,1,45,0,1,8,14,0,4,29,18,22,15,0,0,4,8,1,30,0,0,0,10,165,6,59,6,23,0,0,2,14,0,0,6,23,0,8,14,35,0,9,26,17,1,9,0,2,21,16,13,0,1,0,5,0,29,10,5,19,5,0,0,2,11,0,0,8,51
09:43:00,3,34,17,4,20,20,110,2,5,0,50,5,15,2,1,9,0,36,3,10,0,8,3,22,11,30,1,1,52,1,2,3,0,52,0,1,4,19,0,1,18,5,3,7,1,0,1,3,2,9,0,0,0,29,100,1,35,0,1,0,0,1,2,1,0,1,20,1,5,26,35,0,1,8,3,2,0,0,0,2,17,13,1,0,5,2,10,0,4,9,2,4,4,0,1,3,1,0,0,14
09:44:00,3,10,32,0,76,26,80,2,18,8,49,0,9,10,7,7,0,43,1,24,1,20,2,11,0,24,3,5,48,6,0,0,4,46,0,5,1,3,1,0,23,11,14,36,10,0,7,10,1,5,30,3,0,22,108,3,70,10,1,0,3,5,8,2,0,0,25,12,4,14,16,0,23,24,11,37,1,4,4,5,12,6,7,7,5,6,0,27,33,5,42,6,13,12,0,23,0,2,2,5
09:45:00,11,2,18,16,42,9,66,16,4,13,20,1,20,7,1,29,3,33,1,29,13,6,18,26,33,25,1,0,47,26,2,0,1,11,11,5,0,14,24,31,36,1,10,5,5,3,8,8,14,0,1,4,21,34,140,3,80,4,0,9,1,24,0,16,0,5,22,0,2,15,10,24,12,0,7,15,8,13,2,0,8,5,0,1,7,4,0,22,7,2,19,4,5,2,1,17,2,0,0,13
09:46:00,28,5,4,0,50,18,89,12,2,23,33,27,6,6,4,26,0,40,0,7,0,2,6,12,5,76,32,0,58,0,8,3,0,53,0,0,10,0,3,26,23,30,17,1,1,0,3,4,9,0,1,1,8,43,126,0,68,2,0,12,1,0,7,2,0,2,27,11,10,51,6,3,2,0,3,35,0,0,0,0,25,1,0,26,2,10,8,8,10,3,33,8,4,0,0,7,1,0,0,19
09:47:00,8,4,8,2,133,38,74,16,3,9,58,92,11,225,2,103,0,82,25,0,1,14,3,7,1,63,11,5,90,12,38,8,20,74,7,3,16,2,0,14,36,60,9,16,0,0,11,137,0,8,29,2,8,21,129,6,109,14,3,1,121,12,0,0,0,3,19,6,13,51,15,0,2,3,18,42,7,1,3,0,10,9,16,3,2,0,0,26,11,8,17,59,14,3,1,41,34,0,2,11
09:48:00,3,1,14,1,98,15,74,0,5,0,30,6,7,10,6,19,5,21,2,18,0,1,10,15,17,33,3,0,35,1,6,4,0,90,0,0,49,4,0,6,31,14,20,4,1,0,5,5,2,7,4,1,0,14,111,2,52,0,0,0,0,13,2,0,0,0,11,2,3,39,8,0,2,0,10,7,0,0,1,0,5,3,3,1,0,0,3,9,0,59,12,3,48,4,1,22,4,0,0,18
09:49:00,15,17,18,0,59,9,124,0,0,18,46,7,3,2,10,10,0,625,7,4,0,16,13,2,0,51,1,0,158,1,0,0,0,16,0,0,5,2,5,9,52,28,15,6,6,0,0,4,3,10,11,0,0,63,123,1,26,5,28,6,1,15,1,2,0,2,6,19,5,29,11,0,26,11,8,17,0,20,1,0,10,7,0,4,11,7,0,35,12,9,3,6,7,1,0,23,0,0,8,8
09:50:00,1,8,1,1,42,12,91,12,6,0,11,13,4,1,6,13,3,50,1,23,0,2,5,2,0,47,0,1,61,3,1,0,6,23,9,0,3,15,3,3,14,19,8,3,1,5,0,2,0,5,1,3,8,12,162,0,72,6,0,0,0,3,12,0,28,1,26,0,24,29,18,0,1,0,6,5,4,1,10,7,10,13,0,1,0,3,0,2,17,10,18,1,3,0,4,14,0,0,1,85
09:51:00,18,96,0,12,56,45,80,3,11,12,38,25,25,2,2,7,1,51,1,55,0,32,2,1,0,63,1,1,242,7,26,0,0,2,2,14,0,11,6,10,99,8,7,0,14,2,26,3,1,10,0,0,0,7,153,1,57,0,3,1,2,0,0,19,0,1,12,3,10,25,12,11,132,6,11,8,0,0,45,9,22,1,0,2,5,1,4,2,1,3,55,1,21,7,5,8,0,0,0,26
09:52:00,3,17,4,1,63,29,99,2,6,0,30,7,9,0,4,4,0,28,3,31,0,1,0,18,1,11,4,0,102,6,0,0,0,6,0,0,0,7,0,1,64,51,1,0,6,0,0,0,0,7,4,0,0,19,85,0,77,0,2,1,0,1,4,0,0,0,17,28,1,17,3,8,26,3,10,7,2,0,2,6,19,17,0,0,0,4,0,0,12,7,8,3,0,0,0,0,0,0,0,14
09:53:00,8,8,17,4,80,8,119,0,1,9,7,5,5,10,4,13,11,125,4,1,2,7,0,17,0,68,4,3,109,4,1,12,0,54,5,46,3,16,4,0,101,26,1,0,2,0,12,3,2,6,0,3,0,19,113,0,57,12,0,0,1,0,1,0,0,1,22,2,0,88,0,0,18,6,15,0,0,7,3,5,3,14,0,0,0,0,5,13,24,3,50,1,9,6,7,19,0,0,17,17
09:54:00,6,6,4,0,93,5,43,12,1,1,2,14,0,5,0,85,3,14,4,5,0,2,0,11,3,32,0,0,114,0,3,2,0,10,1,2,5,1,2,1,75,6,4,0,0,3,1,16,4,2,0,1,0,15,114,0,53,0,0,0,3,0,0,0,0,1,17,26,3,27,0,11,0,0,9,0,0,0,1,0,1,3,0,14,0,0,2,10,7,4,22,6,42,3,0,16,2,8,1,35
09:55:00,5,0,3,1,219,3,42,8,15,32,45,10,0,7,2,7,2,15,1,1,0,1,19,9,0,24,0,0,91,3,20,0,1,18,0,0,7,19,18,0,112,28,18,0,4,0,22,1,2,5,0,0,0,41,98,0,20,2,9,0,2,9,1,1,0,4,3,1,1,32,1,16,1,0,1,18,25,1,16,1,1,8,1,2,2,1,0,8,2,4,7,2,21,0,0,1,1,0,0,11
09:56:00,5,0,9,7,113,5,83,17,2,1,18,61,2,4,0,8,3,15,6,0,3,7,0,21,6,19,15,0,122,4,4,1,0,29,0,0,12,3,1,2,147,35,11,9,0,3,15,3,3,0,11,1,1,10,100,1,61,0,6,3,1,4,21,0,0,2,5,0,18,7,6,1,0,0,18,1,0,22,0,0,17,20,8,8,2,6,0,1,1,5,13,0,35,1,0,26,33,0,1,33
09:57:00,5,31,0,0,24,16,78,14,5,12,15,28,4,0,1,8,5,29,5,0,0,1,0,23,1,15,0,1,109,1,9,5,6,23,0,1,14,13,0,5,96,33,12,5,9,5,11,1,2,10,0,0,2,4,148,1,56,7,0,0,1,5,2,1,0,2,8,2,1,6,12,1,6,6,6,23,0,4,2,5,0,2,1,9,0,5,1,15,11,12,17,5,29,4,2,15,4,8,9,4
09:58:00,2,13,2,0,37,1,84,2,4,0,17,17,1,2,1,1,1,12,0,14,0,12,0,98,0,14,7,0,75,16,5,5,0,3,10,0,1,1,0,0,138,49,4,0,4,0,13,1,4,0,0,5,7,5,114,0,127,2,0,0,0,3,2,0,0,0,6,0,0,8,12,0,6,0,4,5,0,0,8,0,4,0,0,6,0,0,0,3,15,19,8,2,19,0,6,18,1,0,0,13
09:59:00,4,5,0,0,64,8,154,0,10,0,24,7,1,0,0,0,3,16,1,1,0,2,5,96,0,22,2,2,84,23,27,12,0,46,2,0,0,2,0,5,76,32,1,0,4,0,1,0,1,0,1,0,2,2,60,1,153,0,1,0,4,1,4,16,0,0,8,0,0,11,13,3,1,1,14,16,15,1,18,0,23,3,0,1,0,0,0,9,2,12,4,1,12,6,0,16,0,0,5,18
10:00:00,1,2,0,1,71,24,85,11,0,9,12,8,1,1,0,2,3,66,6,28,0,2,0,34,8,20,1,0,82,2,7,1,0,7,0,1,0,6,1,29,223,27,0,16,3,0,14,2,1,2,1,0,21,7,48,1,74,13,0,0,1,1,2,2,0,0,36,0,2,17,37,25,2,4,18,1,0,8,11,4,10,1,0,0,0,1,0,9,14,6,21,3,34,3,0,8,15,0,0,39
10:01:00,2,0,8,5,112,20,134,10,1,30,4,13,3,5,0,3,1,98,11,16,1,3,2,34,1,11,3,0,184,12,2,7,2,27,14,8,0,18,0,15,180,21,7,10,3,0,11,1,2,12,11,0,0,10,114,1,108,10,0,0,4,5,5,1,0,0,1,0,13,8,24,1,0,2,31,19,0,0,5,7,9,12,0,35,0,12,0,11,33,6,75,1,50,3,16,18,0,0,1,1
10:02:00,23,1,3,5,20,29,74,12,25,14,5,8,5,3,0,19,3,130,2,29,5,2,5,17,2,31,0,0,153,20,34,1,25,42,24,0,0,0,24,1,185,65,16,2,3,6,11,27,46,6,14,2,14,18,329,1,78,0,7,0,1,15,12,1,9,5,43,0,4,15,27,0,0,0,4,5,11,21,0,3,6,1,0,0,5,20,0,7,20,67,15,0,24,1,4,35,0,11,0,4
10:03:00,3,92,10,1,102,10,54,1,2,3,2,1,0,5,9,0,1,45,11,12,1,1,1,21,0,14,1,3,160,15,2,12,0,19,27,2,1,5,4,2,199,21,7,5,0,0,5,1,3,18,0,0,0,5,67,1,30,8,0,6,1,26,7,4,0,5,7,0,0,4,54,0,1,1,0,0,0,0,3,0,4,0,0,13,0,0,0,6,9,8,10,0,7,0,0,11,0,2,1,0
10:04:00,2,1,0,0,8,9,52,10,3,0,43,0,0,9,0,0,25,54,2,18,0,14,2,10,0,30,0,15,75,9,32,2,0,13,13,7,0,3,0,1,96,25,0,7,0,0,1,1,20,5,0,0,0,4,192,0,27,3,11,0,2,15,2,6,0,0,10,0,0,4,25,0,37,2,13,2,4,18,2,0,10,13,0,1,1,0,0,10,9,10,9,3,0,1,2,2,3,3,2,7
10:05:00,4,21,15,1,25,4,100,0,1,12,2,2,3,6,1,4,10,24,2,5,1,1,0,15,1,13,0,0,94,4,2,9,2,20,15,0,8,11,0,0,132,23,3,0,5,0,7,0,0,6,6,2,1,8,29,0,22,3,0,11,0,0,5,2,0,0,4,5,1,0,14,1,1,12,0,2,0,1,1,0,9,8,0,0,1,0,0,1,2,8,8,2,40,6,1,1,0,0,0,17
10:06:00,0,13,6,0,59,9,157,7,2,8,6,0,5,29,0,3,1,27,2,5,0,3,4,37,0,32,1,0,57,10,18,0,3,3,21,0,3,4,0,0,155,10,3,7,1,0,5,2,3,8,7,0,1,5,48,0,76,8,5,1,2,0,0,14,0,2,5,0,1,11,13,2,4,0,1,2,0,0,2,2,6,1,0,0,0,1,0,1,24,2,41,1,7,3,2,1,1,0,0,36
10:07:00,0,3,2,0,89,84,97,13,17,4,8,2,12,2,0,1,13,163,0,19,0,1,4,19,0,79,0,0,101,10,39,6,0,50,22,0,0,10,12,32,75,33,14,16,4,0,12,16,0,10,1,0,0,14,88,0,23,4,5,1,2,2,2,1,1,0,29,0,18,15,8,0,2,0,9,25,0,7,1,0,5,11,0,1,0,11,8,4,11,2,24,3,5,2,1,3,0,1,0,7
10:08:00,0,0,7,0,27,0,73,5,13,6,15,4,2,0,1,2,3,76,0,25,1,0,1,21,12,10,16,1,119,6,14,5,5,10,17,1,0,17,0,1,159,33,6,3,0,0,7,5,3,5,0,0,0,3,53,0,23,1,0,0,1,0,9,0,0,2,23,0,18,18,7,3,2,7,6,0,0,0,11,4,15,3,0,1,1,0,8,3,11,1,114,4,17,19,0,1,1,2,0,31
10:09:00,23,0,0,0,21,15,117,13,8,2,14,1,4,0,0,1,9,95,15,11,0,42,0,45,0,80,1,0,202,6,17,5,48,9,15,22,0,2,7,9,98,55,2,2,1,0,8,1,2,6,0,0,0,2,59,0,129,14,4,1,2,0,4,7,0,5,5,36,11,4,1,0,0,13,7,0,0,2,5,0,7,2,0,0,1,0,7,1,9,2,41,2,27,0,1,11,0,3,1,7
10:10:00,0,1,1,0,30,12,95,4,0,25,23,38,0,1,3,1,10,241,0,8,0,1,1,15,1,36,0,3,139,11,11,13,15,9,19,0,1,4,1,12,53,64,2,16,4,0,9,1,0,6,2,3,1,16,67,1,11,0,1,1,0,0,5,0,13,1,6,10,0,20,37,3,4,3,2,5,0,20,1,0,12,18,0,0,0,4,0,10,2,6,52,28,66,1,25,0,2,1,4,13
10:11:00,15,36,23,0,15,1,93,11,1,13,11,15,0,3,9,16,3,10,0,25,0,3,30,39,16,18,54,21,135,4,22,9,1,53,15,5,19,29,0,0,92,21,10,1,0,1,6,24,15,20,2,5,1,5,37,0,37,6,1,1,2,9,0,0,0,5,7,0,2,3,13,0,22,0,26,7,1,0,5,0,2,0,1,0,5,9,0,8,0,8,2,6,3,1,1,31,2,3,20,23
10:12:00,1,1,3,2,29,0,72,1,1,9,13,6,0,1,0,0,2,34,0,5,0,1,9,32,1,7,3,0,112,5,27,0,1,61,17,0,0,0,2,8,81,0,3,0,0,0,5,1,1,6,0,0,0,6,47,1,18,0,24,0,0,0,0,1,0,0,2,0,0,5,6,0,2,12,12,0,0,0,66,0,0,1,1,0,0,0,0,0,1,14,26,3,29,1,2,2,0,0,0,6
10:13:00,3,0,1,0,20,2,54,1,0,0,4,5,8,0,0,1,4,21,0,12,0,1,0,22,9,21,4,0,78,4,10,18,3,23,16,2,0,0,6,2,48,0,2,0,4,0,7,8,2,1,1,0,1,26,38,0,9,8,0,0,2,2,0,1,0,0,17,0,2,13,0,0,2,0,3,0,0,0,5,0,1,0,0,19,7,0,0,4,1,4,18,5,3,0,7,0,0,0,0,2
10:14:00,0,1,2,14,172,27,102,0,2,0,7,2,0,0,0,2,2,32,1,1,0,2,2,21,32,14,5,0,17,15,3,6,0,19,22,5,0,10,2,3,118,18,1,0,1,0,11,2,0,9,3,0,0,33,55,1,10,0,0,0,2,1,2,3,0,0,13,4,0,2,41,0,0,1,1,1,0,0,4,1,9,1,0,4,2,1,0,0,10,4,1,3,2,8,1,1,0,3,0,16
10:15:00,0,6,15,2,15,3,31,1,3,1,6,4,6,2,2,2,2,18,8,19,1,0,0,45,1,12,0,0,28,7,14,4,7,18,14,56,0,21,1,1,71,2,12,3,0,0,4,4,1,2,21,0,0,6,36,1,15,0,0,0,1,0,6,3,0,0,5,0,0,12,4,1,6,6,7,3,0,0,3,1,3,2,0,0,0,0,0,1,2,1,7,4,2,4,0,6,0,0,0,16
10:16:00,0,1,7,1,26,4,88,0,5,9,14,9,1,14,10,9,3,15,1,3,0,1,0,29,1,3,1,2,25,5,1,17,0,9,18,3,0,2,0,0,14,4,6,0,3,0,1,7,2,3,0,0,0,1,17,0,9,0,0,0,1,0,1,0,4,3,1,0,0,5,0,1,5,3,0,2,0,0,12,0,0,4,3,0,0,0,1,3,11,3,3,4,7,0,4,6,2,1,0,9
10:17:00,2,0,1,0,333,1,44,0,0,20,2,10,0,1,0,0,1,16,0,8,0,61,4,21,6,2,5,1,6,8,1,4,0,18,21,0,2,0,0,1,39,44,4,0,0,0,4,1,0,0,1,0,0,3,31,1,11,4,0,0,1,0,3,0,0,3,1,0,0,25,4,0,0,1,10,20,0,0,0,0,5,12,0,1,0,0,0,11,8,6,1,4,0,0,0,0,0,1,0,8
10:18:00,1,0,1,6,37,3,72,0,4,1,19,3,0,8,0,3,3,8,0,8,19,1,2,59,2,12,1,0,27,5,5,9,0,10,18,0,0,0,8,0,18,0,1,0,0,0,10,0,7,5,0,0,0,4,51,1,7,0,0,0,0,1,2,5,0,7,1,0,2,5,2,9,0,1,16,19,0,0,1,0,12,12,0,10,0,0,0,39,1,5,5,3,5,0,2,1,0,0,6,3
10:19:00,1,0,2,0,15,2,97,0,0,7,8,35,2,3,0,7,2,2,6,1,0,0,5,9,3,10,1,0,11,8,5,3,0,12,23,0,9,0,0,0,29,1,1,0,0,0,5,3,2,0,0,0,12,2,21,1,7,6,0,0,0,2,0,2,0,2,0,0,0,4,0,0,0,4,5,2,0,0,5,2,1,0,1,1,0,0,0,4,0,3,10,3,0,0,0,1,1,3,1,3
10:20:00,15,1,0,0,15,23,24,0,4,13,6,3,0,1,0,1,2,30,8,3,1,9,6,27,21,23,0,6,23,10,7,10,0,17,27,0,7,1,0,0,52,0,0,4,0,0,7,1,1,5,0,0,0,1,79,3,7,6,0,0,2,0,4,4,0,7,2,0,12,3,16,0,13,4,9,1,0,10,4,2,7,6,0,3,1,0,0,4,2,3,2,0,27,4,0,1,1,2,28,13
10:21:00,1,13,4,5,69,8,88,13,25,17,2,24,13,1,4,28,3,67,8,26,0,5,3,12,50,39,3,0,32,12,1,3,0,57,11,1,7,20,0,16,47,54,22,10,0,0,14,34,17,1,2,0,0,21,54,1,111,4,0,10,1,0,11,4,2,3,40,2,14,4,5,0,2,11,16,52,4,12,0,2,5,0,2,0,1,8,0,23,21,2,18,0,62,6,7,2,2,12,0,28
10:22:00,14,0,17,0,30,36,129,4,2,3,3,7,1,0,0,0,2,3,1,1,0,2,0,27,5,27,0,4,22,18,4,6,12,7,23,0,10,4,1,4,21,16,0,0,7,0,3,4,0,2,0,0,0,17,58,3,103,0,1,0,2,1,0,1,2,2,4,0,5,3,37,0,1,2,15,0,0,0,0,0,12,17,0,0,1,5,9,1,26,4,10,0,21,2,0,12,0,4,0,4
10:23:00,0,40,1,0,28,2,54,5,3,0,10,58,0,0,0,0,2,24,0,3,0,1,0,9,1,11,1,0,16,9,11,2,0,73,24,0,2,1,0,0,33,20,0,0,6,0,15,0,1,4,6,9,0,4,39,2,14,0,0,0,1,12,2,16,0,0,21,0,0,2,26,0,3,1,10,0,0,0,0,2,8,15,0,0,1,7,0,0,1,2,17,0,85,0,0,26,0,8,1,2
10:24:00,1,0,17,0,31,18,65,5,0,0,36,47,10,3,0,0,2,87,0,3,0,1,0,10,1,13,0,0,22,6,16,6,1,2,17,0,0,4,0,0,39,4,2,0,5,0,4,2,1,2,1,4,1,1,39,1,29,0,0,0,0,0,2,0,0,0,0,0,0,3,2,1,3,0,1,1,0,1,73,9,22,3,0,0,0,0,0,11,4,3,28,21,26,3,0,9,1,5,8,1
10:25:00,2,0,1,0,151,25,112,7,24,0,1,8,2,4,1,0,1,39,0,4,0,14,15,18,1,83,0,7,70,21,3,2,0,15,12,24,0,36,1,0,20,33,11,8,2,0,16,5,1,8,0,0,1,9,86,3,31,5,0,0,3,0,4,0,0,0,13,6,1,27,5,1,1,0,11,36,0,7,1,12,10,0,8,0,2,19,0,5,10,5,1,1,46,5,0,1,0,8,0,13
10:26:00,2,1,7,0,197,1,81,5,18,4,3,5,0,9,0,1,3,4,0,21,8,3,0,5,0,19,0,0,47,18,13,5,2,5,23,0,1,3,0,8,95,0,1,6,3,0,6,4,3,2,0,0,0,1,50,2,19,0,0,0,2,7,0,0,0,0,2,0,0,4,5,1,8,1,9,3,0,2,2,10,18,22,0,0,5,0,4,0,1,6,3,0,45,2,0,15,0,4,0,36
10:27:00,1,2,3,0,49,1,78,1,4,1,38,18,3,5,1,2,3,39,0,1,0,10,0,42,0,19,0,0,45,16,9,3,3,8,18,0,2,5,1,1,111,9,0,6,0,1,5,7,0,4,0,4,0,0,40,5,14,0,13,0,2,0,1,0,0,2,5,0,0,67,4,0,0,4,0,6,0,1,0,8,4,1,0,0,2,0,0,0,1,3,10,0,4,15,19,20,0,4,0,3
10:28:00,0,2,7,0,80,6,38,1,1,32,5,6,0,6,0,1,1,15,1,4,0,2,3,8,0,9,0,2,19,11,2,17,0,12,20,0,0,3,0,0,122,1,1,0,0,0,5,1,3,5,0,0,2,0,75,6,28,6,0,0,2,3,0,7,0,0,4,0,0,6,0,1,1,0,13,6,0,2,0,3,1,1,0,0,0,0,0,0,2,3,19,0,7,4,0,23,0,4,0,0
10:29:00,0,15,5,0,28,7,48,0,0,52,2,7,0,1,0,7,2,63,5,16,0,4,3,4,0,7,1,2,95,14,6,1,0,19,22,1,2,4,0,0,98,43,14,1,4,0,30,3,0,8,1,0,25,3,60,3,26,13,0,0,2,0,0,7,0,1,1,0,0,5,0,2,53,1,0,1,0,0,0,0,5,0,0,0,0,0,0,0,2,4,9,3,6,14,0,3,1,1,0,2
10:30:00,0,3,1,0,75,2,46,7,1,6,8,4,0,4,0,1,1,12,1,1,0,2,0,63,0,7,17,0,17,18,7,1,1,13,19,3,0,3,1,1,56,2,1,1,2,0,8,5,3,3,2,0,2,3,48,24,13,2,0,0,1,0,0,1,0,1,0,0,0,33,4,1,3,3,0,1,0,0,2,0,9,2,0,0,0,0,0,6,1,8,0,0,18,11,3,2,0,2,0,7
10:31:00,0,1,1,0,22,4,142,0,2,31,50,3,0,2,1,5,2,7,5,0,1,3,3,9,14,19,0,1,0,11,3,0,1,3,19,0,0,2,0,1,52,2,2,0,1,9,5,3,5,11,1,0,5,9,39,3,7,0,0,0,4,0,0,0,0,1,18,0,0,22,3,1,0,1,3,2,1,0,1,0,3,0,2,0,0,0,0,0,2,4,0,2,49,0,0,64,1,2,1,11
10:32:00,0,2,8,0,13,14,115,10,7,52,21,7,0,0,6,15,2,40,2,7,4,12,13,42,0,27,2,4,14,11,2,4,1,42,17,0,0,2,0,4,61,10,0,7,0,3,32,0,15,1,1,1,2,18,38,4,34,4,8,0,1,1,1,1,0,2,16,2,13,15,17,0,0,2,12,50,0,8,2,4,47,6,5,2,0,0,0,17,1,3,1,0,54,0,1,4,0,1,0,15
10:33:00,23,0,12,5,32,19,70,9,2,11,2,4,0,1,1,0,1,29,0,5,0,8,0,31,0,18,1,2,12,10,11,1,0,7,31,2,0,6,0,0,77,34,1,0,0,0,16,2,0,36,13,0,1,3,51,1,7,2,0,8,1,13,1,12,0,0,1,0,8,6,11,0,1,0,11,14,4,0,1,1,7,15,0,0,0,0,0,0,0,3,3,0,21,0,0,0,6,2,0,15
10:34:00,0,0,2,0,22,0,83,6,2,3,8,6,0,1,7,0,2,52,0,26,0,40,1,13,13,33,1,4,24,28,2,2,1,10,18,43,0,3,1,12,181,14,7,5,0,0,10,0,0,14,3,1,5,8,57,3,54,2,0,0,1,0,7,0,0,0,18,0,9,56,16,0,4,2,2,7,2,16,0,18,17,3,0,1,1,1,12,6,0,4,25,4,4,3,0,0,1,0,0,17
10:35:00,1,0,3,1,6,2,85,8,3,1,18,34,3,1,4,1,2,13,0,10,1,3,16,13,0,3,0,1,6,7,7,1,33,9,23,0,0,8,0,0,71,1,1,0,5,4,18,2,16,24,0,0,5,1,64,1,46,0,1,0,4,1,0,4,0,1,1,0,1,29,3,0,3,1,2,4,0,1,1,0,1,2,0,1,1,2,0,0,0,4,1,0,13,0,0,1,1,3,0,1
10:36:00,1,22,1,1,41,0,71,7,1,0,5,7,0,1,0,0,1,10,1,0,2,3,0,48,0,13,0,17,4,15,0,2,1,9,22,0,0,2,0,0,74,34,1,12,1,0,14,3,0,26,10,9,0,2,24,4,89,2,1,0,2,17,3,0,0,3,3,0,5,18,6,1,8,1,16,2,0,0,0,2,7,6,0,0,0,0,0,1,34,2,1,3,9,1,0,34,0,2,0,16
10:37:00,0,1,2,2,25,2,40,1,0,0,16,2,0,1,0,0,2,39,0,0,0,4,0,4,1,7,0,2,8,16,10,1,0,8,14,0,0,5,0,3,51,9,0,0,1,0,8,4,2,19,0,0,0,3,27,1,23,0,0,0,1,0,4,0,0,0,4,0,2,11,8,0,4,2,0,0,0,0,3,0,5,2,0,1,0,0,0,9,8,3,9,6,6,0,0,9,0,3,0,0
10:38:00,4,6,19,8,4,0,52,10,0,86,25,4,1,0,0,0,1,24,0,5,0,3,0,3,8,1,0,0,49,18,21,12,3,33,18,0,0,57,6,0,42,19,0,1,0,0,15,1,1,22,1,0,0,10,126,2,21,0,0,3,2,0,4,11,12,0,5,0,7,27,2,0,4,1,15,64,0,0,10,17,2,11,0,0,0,3,0,6,7,4,28,23,65,3,14,34,3,1,0,4
10:39:00,0,0,1,2,16,38,142,3,0,76,2,3,1,45,5,0,2,230,0,2,4,11,4,32,8,15,7,0,59,13,7,16,6,24,12,0,0,26,11,22,76,30,11,9,0,0,22,4,0,7,0,16,15,13,83,0,33,4,0,3,0,2,2,1,0,1,30,2,7,3,19,0,12,7,10,3,0,18,12,6,7,1,0,2,0,0,0,8,2,9,12,2,11,5,4,8,0,5,0,31
10:40:00,1,1,1,1,74,0,64,1,16,26,4,61,1,1,1,1,3,12,0,9,0,3,6,12,0,5,13,4,99,16,11,0,3,78,21,0,0,5,1,2,68,8,1,2,0,0,17,7,0,5,0,3,5,5,19,2,7,5,0,0,1,1,1,9,0,0,9,4,5,28,4,1,32,4,1,21,0,0,0,0,9,0,0,0,0,2,1,1,1,1,44,3,36,1,0,19,0,3,2,32
10:41:00,15,0,3,0,63,1,79,4,0,1,2,5,0,1,0,0,2,11,0,4,0,3,0,19,0,6,9,4,23,3,26,0,1,11,16,0,22,1,0,0,60,6,1,1,6,0,17,5,4,5,0,2,16,3,139,1,42,0,35,1,2,1,4,10,0,1,1,0,0,5,6,1,2,0,2,9,0,1,6,0,3,0,0,0,2,21,0,2,0,7,10,4,45,0,0,5,0,2,0,10
10:42:00,0,4,9,0,8,0,99,2,2,9,11,3,1,0,2,1,3,62,2,1,0,4,0,8,0,0,6,1,19,8,1,4,0,12,11,1,0,0,0,0,37,4,1,4,0,0,0,4,1,14,3,7,3,4,112,2,62,0,0,3,1,1,2,0,0,0,2,0,5,3,2,0,1,0,0,7,0,0,10,0,0,0,0,5,1,0,0,0,0,6,3,1,5,0,5,3,70,5,2,14
10:43:00,1,0,3,2,12,8,54,0,0,0,7,1,0,1,2,0,2,5,0,5,0,1,0,8,0,2,1,1,18,10,5,5,1,13,21,5,0,4,1,0,45,31,1,0,0,0,4,3,1,4,2,5,3,19,36,1,47,0,0,0,1,0,2,8,0,0,2,0,3,3,14,0,1,0,0,24,0,0,4,0,1,2,1,0,1,0,1,0,1,9,5,3,34,0,0,0,0,3,2,1
10:44:00,2,1,1,7,12,10,46,0,2,9,2,6,0,0,4,1,1,51,0,11,0,14,0,1,14,11,0,1,12,16,3,3,0,24,19,16,0,4,0,1,41,2,1,2,2,0,11,2,0,7,0,0,1,6,40,1,22,0,23,1,2,3,1,15,0,5,8,0,0,17,3,0,9,5,8,0,0,0,2,3,4,0,4,0,5,2,11,1,0,14,4,2,24,3,1,0,0,2,0,10
10:45:00,0,0,3,0,10,1,69,0,0,3,3,7,1,2,0,1,3,44,1,3,0,2,0,10,0,2,0,0,7,5,0,17,0,30,17,3,0,5,1,2,36,13,1,0,0,0,9,5,0,4,1,0,11,1,64,1,27,21,1,0,2,1,5,0,0,0,17,0,2,2,2,0,7,1,1,3,0,0,1,0,1,1,1,0,0,3,0,0,1,5,1,4,23,0,0,7,1,2,2,21
10:46:00,0,0,1,0,1,10,72,0,2,4,4,5,0,2,1,2,1,53,0,0,1,3,3,26,0,2,1,2,15,6,15,7,0,19,17,1,0,7,1,1,54,7,9,0,0,0,4,6,13,15,0,1,0,0,54,3,17,1,0,0,1,2,2,13,0,0,4,1,8,3,2,0,4,8,1,3,0,1,2,0,1,8,0,0,0,0,0,0,0,2,13,4,11,0,0,0,0,1,0,53
10:47:00,0,1,3,3,17,0,83,0,1,5,4,2,10,2,0,2,1,8,1,11,0,3,4,10,0,4,0,0,13,12,2,2,0,5,18,2,0,2,0,2,46,1,3,0,0,0,5,4,11,9,0,0,2,4,44,1,36,0,0,0,0,0,4,1,0,0,2,0,1,4,0,0,5,1,1,1,0,0,4,0,0,1,0,0,1,3,0,0,0,1,4,5,28,0,0,2,0,4,0,0
10:48:00,0,2,5,0,12,3,43,0,0,6,4,4,0,0,0,0,2,13,2,3,0,5,0,9,2,10,0,0,9,5,3,0,0,7,21,2,0,3,6,0,29,2,3,0,0,0,5,8,0,4,0,8,1,0,39,1,44,0,1,0,1,1,3,14,0,1,2,0,0,7,5,0,4,0,0,5,0,1,7,2,0,0,0,0,0,0,1,5,38,6,1,1,58,1,3,0,0,7,0,3
10:49:00,0,33,0,2,7,5,64,0,0,10,1,5,2,0,0,0,1,3,0,1,1,2,1,6,0,7,0,0,4,0,3,20,0,6,12,1,0,6,0,3,32,1,0,0,0,0,4,5,0,0,2,1,18,13,45,1,20,0,0,0,1,0,1,10,0,0,5,0,1,5,0,0,37,0,0,1,43,0,2,2,0,12,0,0,1,5,0,18,10,6,2,3,25,4,0,0,1,3,0,5
10:50:00,0,13,15,0,15,8,75,0,0,1,14,7,0,1,2,1,2,3,0,49,0,2,1,7,1,2,1,2,34,6,13,2,0,9,16,1,2,3,0,0,61,22,1,4,0,0,4,3,1,4,2,0,4,6,31,0,54,0,0,5,1,0,1,10,0,4,1,0,13,6,0,1,1,2,15,27,0,1,1,2,3,24,0,0,15,0,0,1,7,2,3,4,55,4,0,1,1,4,0,5
10:51:00,0,0,2,0,69,9,54,0,1,7,1,4,0,3,0,8,4,14,0,24,0,2,0,42,2,1,1,3,3,7,10,0,1,13,13,3,0,5,0,0,22,6,1,0,0,0,19,2,15,1,0,0,16,0,43,2,7,0,0,0,2,1,0,9,0,0,7,0,0,2,4,0,1,0,4,2,0,1,0,1,3,5,0,0,0,3,2,2,5,2,1,5,36,0,1,1,0,4,0,19
10:52:00,2,1,2,0,30,14,63,0,0,9,1,3,3,0,0,0,1,60,3,6,0,2,0,5,3,16,0,0,27,4,11,1,0,8,14,1,0,6,0,0,63,19,0,0,0,0,6,3,0,2,0,6,0,5,78,2,39,9,0,0,2,4,0,13,0,0,6,0,7,4,0,0,2,0,2,4,0,0,8,2,2,6,0,0,0,0,12,0,10,2,5,3,52,3,10,0,0,1,0,34
10:53:00,1,17,2,0,1,2,92,0,1,4,8,6,0,1,0,1,2,2,0,4,0,3,0,12,1,2,3,0,13,3,1,2,0,5,15,0,0,6,0,0,53,1,1,0,0,0,3,4,1,15,0,2,0,1,75,2,10,0,0,0,0,1,3,1,0,2,11,0,5,17,3,1,0,1,1,5,0,0,2,2,5,3,0,0,0,0,2,0,0,5,17,2,20,0,2,22,0,5,7,37
10:54:00,1,0,5,0,22,2,152,0,0,7,11,2,0,3,0,2,1,5,2,3,0,1,6,30,3,1,0,2,27,3,9,1,1,8,15,0,0,37,14,2,18,2,0,0,5,1,8,3,0,3,0,0,0,2,55,1,13,0,0,0,2,5,1,5,0,2,0,1,0,2,1,0,0,1,8,1,0,0,0,0,3,5,0,0,0,0,0,1,0,3,11,3,14,3,1,12,0,3,5,10
10:55:00,1,1,18,0,24,0,76,2,1,3,12,11,0,5,1,1,2,3,0,8,0,1,0,1,7,8,0,0,18,6,7,2,0,12,15,0,0,29,1,2,22,4,1,0,4,17,7,6,1,11,1,0,4,1,58,0,11,0,0,0,2,2,0,1,0,0,2,0,1,13,1,0,0,2,1,1,0,1,6,3,1,10,0,0,0,0,0,1,3,2,0,3,39,0,0,3,0,2,0,16
10:56:00,2,1,10,0,48,7,36,4,0,10,7,16,0,2,0,1,1,48,0,4,0,10,0,18,0,12,0,0,14,4,1,0,0,11,12,0,0,2,0,2,21,1,1,0,1,1,1,5,1,3,0,2,0,1,69,2,6,0,1,0,1,1,1,2,0,1,0,1,0,1,1,0,8,2,0,7,3,1,4,0,0,4,0,0,0,0,2,0,0,2,2,3,4,0,0,12,0,4,0,16
10:57:00,16,1,4,0,3,19,61,0,1,7,7,4,1,0,0,1,1,6,1,4,0,3,0,23,3,8,0,3,1,2,4,2,0,4,9,0,0,2,0,3,10,27,0,0,2,0,3,1,0,1,0,0,0,0,44,1,1,0,0,0,1,2,0,11,0,0,1,0,8,7,3,0,16,2,2,9,0,0,1,3,0,2,3,1,0,0,0,0,0,4,14,11,24,0,0,0,0,4,0,57
10:58:00,0,0,2,0,6,1,28,0,0,8,1,2,0,0,0,4,0,16,1,7,0,1,0,10,1,0,0,0,7,0,53,0,0,15,9,4,0,6,15,0,18,1,0,1,8,0,7,7,0,0,3,0,0,0,55,0,4,0,0,0,0,2,0,6,0,2,13,0,1,1,0,0,1,0,1,1,5,0,1,1,0,4,1,0,0,0,0,0,2,10,6,0,78,2,0,2,0,6,2,59
10:59:00,0,1,3,0,2,4,61,0,2,8,0,4,1,2,1,4,0,1,0,3,0,2,0,11,1,2,0,0,1,1,0,8,0,5,8,0,0,1,0,1,23,0,0,0,9,0,1,3,0,0,2,3,2,1,15,1,7,0,0,0,0,0,3,0,0,0,0,0,0,3,1,0,4,0,2,9,0,0,1,1,0,1,1,0,0,1,0,7,0,14,0,0,11,0,0,0,0,2,1,3
11:00:00,0,14,0,1,16,0,81,0,0,12,3,6,1,1,0,1,0,49,1,1,0,3,1,13,1,7,0,2,3,0,1,1,1,17,10,0,1,29,1,0,32,0,2,0,2,0,4,16,1,1,1,0,0,14,33,1,14,2,0,0,1,0,2,14,0,0,0,0,10,4,2,27,0,1,7,18,0,2,2,3,0,4,0,0,2,0,0,12,0,3,0,1,29,4,0,2,1,2,0,1
11:01:00,1,0,0,1,7,5,49,0,0,6,0,9,1,5,0,14,2,1,0,4,0,2,3,12,1,4,0,0,12,0,5,4,0,34,7,0,0,6,1,1,36,8,3,0,12,0,5,2,1,3,0,4,1,0,21,2,9,0,0,0,2,2,0,16,0,1,2,2,0,1,1,0,3,1,2,4,0,0,0,1,2,9,1,0,0,0,0,8,1,1,0,0,44,0,0,1,0,2,2,1
11:02:00,1,0,0,0,46,3,15,1,0,7,6,24,0,7,1,0,1,2,0,3,0,3,4,13,7,1,0,0,21,4,4,1,0,3,18,0,0,3,5,2,34,3,1,0,0,0,6,1,0,10,0,0,0,0,19,3,7,0,0,0,2,2,1,1,0,2,2,0,1,5,9,0,4,1,3,1,5,0,0,1,13,6,2,0,0,0,0,0,0,4,1,0,13,0,0,0,0,4,0,6
11:03:00,10,124,1,0,3,21,47,0,0,17,0,6,0,0,1,0,1,55,0,3,0,2,0,34,10,31,1,0,1,5,24,8,0,1,18,0,0,7,0,0,54,10,0,0,0,0,11,0,1,5,6,0,21,3,62,1,21,8,0,0,1,2,11,3,0,0,0,15,12,2,6,0,0,0,17,18,0,0,6,11,9,2,2,0,0,0,0,0,0,1,12,0,41,0,1,0,0,3,1,0
11:04:00,0,1,0,0,2,0,30,0,2,0,8,4,0,1,1,2,1,4,1,23,0,1,0,13,0,14,0,0,2,2,10,4,0,1,15,0,0,7,0,10,7,1,1,0,0,0,9,1,0,8,0,0,1,1,17,1,10,0,0,0,2,2,1,8,0,0,1,0,0,3,1,1,0,1,0,0,0,0,1,0,0,1,3,0,0,0,1,18,0,2,2,0,10,0,0,0,0,2,3,37
11:05:00,1,0,0,0,2,12,24,13,1,3,0,3,0,1,9,7,2,3,0,9,0,2,1,8,0,3,0,0,4,2,2,3,0,2,14,0,0,2,1,2,21,1,1,0,2,0,3,1,1,8,4,0,1,8,18,0,4,0,0,0,1,2,0,9,0,0,4,1,1,0,3,0,0,1,0,2,0,1,5,2,0,0,0,0,0,0,1,6,1,2,1,0,27,0,1,1,13,1,2,2
11:06:00,3,2,1,0,41,3,21,9,0,7,2,2,2,1,1,1,1,9,0,4,0,1,3,45,3,3,0,2,3,9,0,2,0,2,14,0,0,4,0,1,42,0,13,0,1,0,12,1,2,2,0,0,0,3,51,5,5,1,0,7,2,8,3,9,0,0,3,0,0,0,2,0,0,0,10,4,0,0,5,1,0,1,0,0,0,0,0,0,1,2,1,0,37,0,0,1,0,1,1,0
11:07:00,0,0,0,0,34,0,26,2,1,10,11,3,1,0,0,0,2,3,1,3,0,3,1,9,4,1,2,2,2,1,0,0,0,42,13,0,0,6,6,0,32,0,5,0,0,0,5,0,2,11,0,0,0,0,13,2,0,0,0,0,0,4,2,9,0,1,9,0,6,5,0,1,1,0,0,0,0,0,3,0,4,2,0,0,0,0,0,1,0,7,1,0,29,0,0,0,0,2,0,1
11:08:00,0,0,1,0,16,0,45,5,1,13,0,15,7,1,1,11,1,19,1,7,0,17,5,57,0,11,0,0,15,1,2,13,0,28,17,2,0,8,0,3,25,24,1,4,0,0,0,6,1,1,1,0,11,1,30,2,21,0,0,1,1,1,0,3,0,0,1,14,17,2,3,1,0,0,7,1,0,9,1,1,0,0,1,3,0,1,0,0,0,1,1,0,55,6,0,30,5,2,0,0
11:09:00,0,1,0,0,5,7,24,0,1,19,7,41,2,1,0,9,0,9,0,1,0,2,6,12,0,23,0,0,6,10,8,0,0,13,16,0,1,2,0,1,53,0,3,0,0,0,7,0,2,6,10,0,8,1,62,2,6,2,0,0,0,2,0,10,0,0,0,0,1,16,3,121,0,0,4,0,0,0,2,0,0,0,0,0,0,0,2,7,0,4,0,0,50,0,0,0,0,3,13,9
11:10:00,4,13,1,1,7,1,29,0,1,7,2,31,0,1,0,1,0,20,0,0,0,2,6,6,2,2,0,0,30,4,1,0,1,16,21,0,18,10,0,0,24,1,1,0,0,0,2,1,12,0,4,3,0,0,5,3,34,0,0,0,1,8,3,7,0,0,3,0,0,4,2,99,0,2,2,2,0,0,0,0,5,5,0,0,0,0,0,12,37,3,5,1,13,0,8,9,1,2,15,14
11:11:00,0,0,2,2,10,0,35,1,0,10,2,11,0,1,1,1,1,28,1,11,0,2,19,40,1,12,0,3,7,2,1,2,0,1,12,0,7,4,5,0,92,2,1,0,0,0,0,1,0,1,0,1,0,18,52,3,34,1,0,0,1,1,0,0,0,0,0,0,0,0,1,1,31,0,7,3,0,0,11,0,0,0,0,0,0,0,0,2,7,1,17,1,3,0,0,0,0,1,0,1
11:12:00,30,12,9,0,70,20,69,7,11,50,19,15,0,1,0,50,2,92,6,25,12,25,10,2,18,32,0,5,42,10,11,38,10,89,14,0,4,3,5,1,149,75,14,16,2,9,11,1,9,8,8,0,19,5,58,0,80,13,9,5,1,9,2,13,0,30,1,10,11,0,11,0,0,0,19,46,0,16,3,5,14,0,3,2,0,11,0,26,41,6,17,2,43,0,0,0,2,3,2,32
11:13:00,2,0,0,1,13,0,36,0,1,9,0,1,0,1,0,6,1,32,0,15,0,2,2,39,19,4,5,0,43,1,7,9,0,3,16,0,2,6,2,1,43,6,8,0,0,0,3,0,0,0,0,0,0,4,46,1,74,0,0,0,0,0,1,7,22,5,1,0,10,3,5,0,0,2,0,0,2,0,3,0,2,7,1,0,0,1,3,2,0,6,9,6,14,0,3,0,5,0,1,17
11:14:00,1,0,1,1,9,0,35,0,1,12,0,12,10,1,4,0,2,15,2,13,0,1,0,4,5,15,0,0,22,1,16,1,0,3,19,0,1,9,6,0,21,5,0,1,0,0,1,0,0,2,2,0,0,0,38,2,16,0,0,0,0,0,1,1,0,0,10,0,2,6,0,4,0,0,4,0,0,0,6,0,7,8,0,0,2,10,0,0,1,56,3,1,34,3,0,0,6,2,2,1
11:15:00,19,0,2,0,0,0,41,0,1,11,2,16,12,1,0,14,1,56,13,6,1,11,0,1,0,38,0,2,54,16,4,1,0,3,7,11,3,14,1,0,32,56,1,0,0,0,11,3,1,11,0,1,1,0,74,0,45,0,1,0,1,8,2,11,12,2,2,0,0,3,1,2,1,8,6,1,0,1,1,0,1,4,0,2,1,0,9,1,11,1,1,16,47,0,0,34,0,1,2,29
11:16:00,6,6,0,1,87,12,16,3,1,19,8,2,2,3,0,0,2,81,1,7,0,2,0,52,6,14,0,0,32,2,2,23,0,4,1,1,0,36,19,0,112,17,8,0,0,0,5,1,0,1,1,2,24,1,140,1,41,12,0,0,1,0,0,8,0,0,1,1,3,1,24,1,105,0,5,2,1,0,6,1,2,9,0,0,0,0,1,0,8,6,19,4,17,1,0,7,1,2,10,6
11:17:00,0,16,0,1,4,0,39,6,1,18,0,2,2,1,5,0,17,4,0,0,11,3,0,7,0,2,0,0,3,4,1,2,0,6,0,0,0,16,7,28,11,12,0,0,0,0,0,1,0,0,0,0,3,7,31,0,6,0,0,0,1,3,3,1,0,0,0,0,23,5,0,4,4,1,0,0,5,0,0,0,2,3,0,0,0,3,14,3,2,12,3,21,29,0,1,0,1,1,3,16
11:18:00,1,0,0,35,24,0,22,5,1,35,6,3,2,1,0,1,0,47,4,4,0,1,0,5,2,2,0,3,9,0,0,4,0,5,0,5,0,8,1,1,1,21,0,1,0,1,1,7,0,0,0,0,0,1,76,4,12,3,1,0,1,4,4,6,0,0,3,0,12,2,0,3,2,1,1,0,1,0,26,5,0,9,1,0,2,0,2,8,1,1,11,2,30,0,0,0,1,2,2,3
11:19:00,1,10,0,0,26,22,18,3,0,16,1,3,5,2,3,2,0,36,0,6,1,2,2,7,6,3,0,0,7,0,1,15,0,1,4,0,4,3,6,3,17,6,1,2,0,0,14,1,0,0,0,0,0,2,19,0,9,2,0,0,1,6,0,11,0,1,3,23,5,2,0,4,12,5,1,3,0,0,1,0,0,2,0,0,2,0,0,1,2,1,2,4,14,4,0,0,1,2,2,9
11:20:00,0,0,0,11,19,0,56,23,1,46,4,3,2,61,0,13,0,75,0,5,0,7,10,5,1,34,0,1,57,9,1,0,0,1,0,0,3,4,3,22,44,6,7,0,2,3,8,43,0,7,3,0,1,1,84,0,77,3,0,1,1,27,0,0,0,5,42,0,13,15,10,3,4,1,8,3,0,23,1,0,0,4,2,0,0,0,0,33,20,2,6,1,34,1,0,1,6,0,8,11
11:21:00,0,1,0,4,1,1,23,1,0,22,3,6,3,5,0,0,1,19,1,6,0,6,5,9,0,7,0,2,17,0,3,2,0,56,0,0,3,13,1,8,6,5,1,1,1,0,5,1,1,7,0,2,0,4,32,0,12,3,0,0,1,3,0,18,0,2,2,0,4,3,0,10,4,0,1,34,0,0,3,0,0,5,0,0,0,0,1,0,6,1,2,1,56,0,0,8,20,3,2,20
11:22:00,0,0,0,0,10,6,17,2,1,6,7,6,1,2,0,4,1,32,0,19,0,3,6,45,0,16,0,3,11,2,1,2,0,1,1,1,4,13,0,0,15,1,0,0,0,0,0,0,0,11,1,0,0,1,27,0,8,0,0,0,0,1,1,5,0,0,2,0,2,3,0,6,1,2,0,1,0,0,1,3,0,2,0,1,0,1,5,4,1,1,1,0,26,1,0,8,0,0,1,13
11:23:00,0,2,0,0,2,0,25,1,1,8,2,4,1,0,0,0,1,13,0,8,0,2,8,16,0,0,0,1,11,1,3,4,0,10,4,1,4,0,0,3,30,11,0,0,0,0,7,0,0,6,2,0,6,1,34,0,2,0,0,0,1,0,0,3,0,3,24,0,0,7,0,5,1,0,0,9,0,0,0,0,0,3,0,0,0,2,0,4,2,2,0,0,22,0,0,7,0,2,0,0
11:24:00,3,0,0,0,26,8,57,4,1,5,9,4,4,1,0,0,0,83,0,12,0,2,6,26,0,6,0,1,73,8,8,0,0,56,0,0,5,16,0,0,34,6,0,14,0,0,12,2,0,1,2,0,0,13,61,0,44,7,0,0,0,0,0,5,0,0,9,0,0,5,0,6,1,0,7,14,0,0,0,2,1,7,0,0,0,1,0,0,5,2,0,0,14,0,0,3,3,0,1,1
11:25:00,0,2,0,0,1,7,30,0,2,52,1,7,3,2,0,1,0,49,1,15,0,4,6,3,0,5,0,0,104,1,13,2,1,9,1,0,2,4,0,0,7,3,5,0,0,0,9,4,1,1,1,0,3,4,54,0,44,0,2,0,2,0,1,5,0,0,0,1,3,3,3,2,5,1,1,2,0,0,3,0,0,6,4,0,0,0,0,0,8,1,17,0,5,0,0,2,5,2,23,16
11:26:00,0,0,0,0,14,1,19,0,3,1,5,4,5,1,0,0,1,9,1,9,0,11,6,18,0,6,3,0,28,2,2,1,0,9,4,0,3,13,0,0,24,69,1,0,0,0,8,1,0,1,0,0,0,1,140,1,20,0,15,0,1,1,0,2,0,3,0,18,1,3,0,2,1,2,0,0,0,0,0,4,0,3,3,0,0,0,2,2,2,1,4,0,26,3,0,0,2,2,0,6
11:27:00,0,0,0,0,29,6,49,2,0,9,8,5,5,2,0,0,0,9,0,3,0,3,6,15,0,1,0,2,54,4,0,0,0,5,0,0,5,3,0,0,15,8,0,3,0,0,6,0,0,5,0,0,0,1,53,2,10,0,0,0,1,1,0,8,0,1,1,4,0,2,12,1,1,0,0,0,0,0,0,0,5,4,2,15,2,0,7,1,0,3,2,0,61,0,0,0,0,1,0,18
11:28:00,2,9,0,0,1,25,32,0,3,9,11,3,8,0,0,0,1,5,2,9,0,6,6,5,0,15,0,5,33,1,7,1,0,7,0,1,6,4,0,1,12,4,0,0,0,0,9,0,0,0,1,11,0,0,66,1,28,0,2,0,0,2,0,6,0,1,2,0,0,2,4,54,0,1,13,3,1,0,0,2,0,0,0,0,0,0,0,11,20,3,2,1,4,1,0,2,2,1,0,5
11:29:00,0,0,0,1,8,3,22,0,0,45,0,5,0,2,1,0,0,28,1,5,0,2,6,4,5,0,2,0,30,3,6,0,0,0,2,0,4,4,1,0,19,1,0,0,0,0,0,1,0,7,3,0,0,0,65,0,31,0,0,0,0,1,2,2,0,2,0,0,0,16,0,3,5,1,0,1,0,0,1,1,4,0,0,0,5,0,0,1,1,5,1,0,14,0,0,0,1,3,0,10
11:30:00,1,1,7,0,24,0,22,2,2,60,20,7,2,4,1,2,0,13,2,0,1,5,1,10,0,3,1,4,16,1,4,1,0,19,1,0,9,9,5,2,18,7,2,0,0,0,0,1,1,2,1,0,1,0,43,0,26,0,0,23,2,2,0,16,0,4,1,0,6,3,0,2,1,4,7,4,0,1,2,0,1,3,0,0,0,0,0,1,1,4,11,2,36,0,0,5,4,0,1,0
11:31:00,0,1,0,0,21,0,26,6,2,12,0,4,1,0,1,0,1,4,1,0,0,1,0,11,5,0,0,0,63,1,2,1,0,34,0,0,2,1,0,0,33,5,11,0,0,0,10,0,0,2,1,0,0,0,49,0,60,0,0,0,2,12,4,8,0,0,0,0,13,2,5,4,0,0,0,1,0,0,0,3,0,5,0,4,0,0,0,10,2,1,5,1,58,0,0,28,1,0,3,6
11:32:00,0,1,0,0,24,1,20,0,1,51,10,5,1,2,1,0,2,12,1,2,5,3,0,12,0,13,0,0,79,3,3,5,1,10,4,0,4,21,0,0,20,13,0,4,0,0,2,0,0,2,0,0,0,0,19,0,16,0,0,0,1,2,0,0,0,2,1,0,4,5,1,2,0,0,0,0,2,0,0,1,0,1,2,0,1,0,5,0,0,2,0,0,18,0,0,18,1,1,6,1
11:33:00,1,10,0,0,16,1,13,0,2,54,22,4,10,1,1,0,0,24,1,6,0,4,0,3,0,1,0,0,32,12,3,0,0,2,0,0,7,24,0,0,56,45,0,4,0,0,0,1,0,0,0,0,0,0,42,1,41,0,0,0,0,4,0,21,0,0,3,0,5,3,0,1,7,0,0,25,0,0,0,0,0,13,0,7,0,0,0,0,0,1,1,0,16,0,1,2,0,1,8,18
11:34:00,9,1,0,1,6,24,62,4,2,37,1,5,2,0,1,31,1,49,0,4,0,3,1,24,0,7,0,1,29,1,1,4,0,8,2,0,1,9,0,0,55,14,1,3,0,3,1,1,17,0,0,5,0,0,74,0,58,2,0,0,1,3,0,8,0,0,2,0,0,16,0,1,0,1,24,1,0,0,1,5,0,1,0,0,1,0,5,6,0,3,11,0,7,0,0,6,0,0,4,1
11:35:00,0,4,0,0,13,2,15,0,0,31,1,2,1,2,0,0,2,24,2,5,0,4,0,11,0,2,0,0,32,6,4,0,1,13,5,0,0,7,1,1,13,8,3,0,4,0,4,2,2,1,4,0,1,0,26,2,6,0,1,0,2,5,3,1,1,1,4,0,12,4,1,6,1,1,1,1,0,1,0,0,0,3,0,0,1,0,0,2,0,12,1,3,10,0,0,6,0,0,2,17
11:36:00,0,0,0,0,15,11,41,0,1,8,3,2,1,1,1,0,2,19,0,2,0,1,1,5,0,0,0,2,9,0,0,0,0,8,32,0,2,1,0,4,13,2,6,0,2,0,2,3,0,5,5,0,2,1,24,11,3,0,2,0,0,4,0,4,0,0,4,1,2,2,0,8,25,2,1,0,0,0,0,0,0,0,0,0,2,0,0,0,1,12,0,2,11,0,3,26,4,0,5,2
11:37:00,1,0,0,0,90,0,45,0,0,65,1,6,1,2,1,0,1,2,1,3,0,2,0,13,0,0,0,0,23,0,11,0,0,5,116,0,4,8,0,0,13,0,0,0,0,0,10,0,0,0,0,0,3,2,24,2,0,1,2,0,0,2,0,5,0,0,2,4,15,1,20,13,5,2,4,20,0,0,4,2,0,2,3,0,0,0,0,0,0,7,1,1,23,0,0,3,1,0,6,1
11:38:00,0,0,0,0,7,25,29,3,1,18,4,8,1,0,1,1,2,2,0,7,0,1,0,17,0,1,0,1,30,2,2,3,1,8,3,0,1,5,1,0,17,0,0,0,0,0,4,3,0,3,0,0,0,0,30,0,1,0,3,0,0,3,0,0,0,0,4,0,0,2,3,15,2,0,0,1,0,1,8,0,0,0,1,0,0,0,0,0,0,1,1,0,29,2,0,3,0,0,3,1
11:39:00,0,7,1,0,67,9,22,2,0,0,5,6,7,0,1,1,0,2,3,7,0,2,11,10,0,0,0,0,24,3,2,1,3,12,1,0,2,2,1,0,22,1,1,0,0,0,4,1,1,15,0,0,0,1,33,0,2,0,2,0,0,2,0,7,0,0,3,4,0,6,0,8,0,6,0,21,0,0,0,0,1,0,0,2,0,0,0,1,0,2,1,0,31,0,0,5,0,0,2,1
11:40:00,0,1,1,0,3,2,18,0,1,1,1,6,3,2,9,4,0,4,9,4,0,4,0,17,0,2,0,1,39,2,1,0,0,9,0,0,1,6,12,0,16,4,2,0,0,0,17,2,2,5,0,0,0,13,65,0,3,2,0,0,2,4,3,8,0,0,2,0,0,1,1,13,0,1,0,2,0,0,3,0,2,1,1,0,0,2,0,1,1,0,2,2,37,0,0,4,0,0,7,3
11:41:00,0,2,0,0,36,4,15,0,0,26,3,7,3,2,1,1,1,9,0,2,0,2,0,6,0,15,0,0,26,1,0,1,0,12,0,0,3,5,3,0,17,5,1,0,8,0,6,1,1,0,3,0,0,5,32,0,3,0,9,0,1,4,8,0,2,1,0,1,0,1,0,4,0,1,0,0,0,0,3,0,1,0,1,2,0,0,0,1,3,1,2,1,10,0,0,0,3,0,2,4
11:42:00,0,1,0,0,90,2,16,0,1,0,10,6,3,1,1,4,1,5,2,0,0,2,1,11,0,2,0,1,110,0,4,1,0,8,1,0,3,7,3,3,16,48,5,0,1,0,0,0,1,0,0,0,0,13,58,0,14,0,0,0,1,2,0,8,0,0,0,6,0,3,0,4,0,0,0,0,0,0,2,0,0,0,2,0,0,0,0,7,1,3,1,6,22,0,0,1,2,1,2,0
11:43:00,0,0,0,0,37,1,42,0,0,0,2,10,3,2,1,0,4,8,0,7,0,3,0,15,0,25,0,3,19,5,5,1,0,17,0,0,3,8,2,1,21,24,4,4,0,0,3,0,0,5,2,0,0,0,39,0,3,0,0,0,0,3,0,12,0,3,0,0,0,2,0,4,17,1,0,1,1,0,3,0,0,1,0,0,0,0,0,1,0,6,1,2,51,1,1,1,0,0,3,1
11:44:00,0,0,0,0,37,5,14,0,0,0,7,7,1,0,0,1,2,44,0,2,0,1,0,8,0,7,0,3,32,14,3,1,0,54,2,0,3,3,2,0,13,22,1,0,0,0,7,3,0,0,4,0,2,0,37,0,1,0,2,0,1,2,0,0,0,0,0,0,0,3,0,6,0,0,0,0,0,1,6,1,0,0,2,0,0,2,0,2,0,1,1,4,46,2,0,14,1,0,1,2
11:45:00,0,0,0,1,20,4,50,0,0,1,8,8,1,4,1,1,2,51,0,14,1,3,0,11,0,12,0,0,33,0,3,0,1,6,0,3,3,34,1,1,15,6,3,0,0,0,7,3,1,0,2,0,2,0,43,0,41,10,0,0,2,2,0,6,0,0,1,0,1,2,0,9,3,3,22,2,0,11,0,1,1,1,0,0,0,0,7,5,1,4,26,4,8,0,0,1,0,1,1,2
11:46:00,0,1,0,0,26,1,53,2,1,1,0,7,2,1,2,3,1,8,1,2,0,34,0,6,0,0,0,2,33,0,7,6,0,0,0,1,3,5,2,0,17,0,0,0,0,0,5,0,0,0,0,0,0,4,23,0,6,0,0,0,0,2,1,8,0,0,0,0,0,2,0,6,0,0,6,0,0,0,2,0,0,0,0,0,0,2,0,1,1,1,4,2,19,0,2,0,1,0,2,2
11:47:00,0,0,0,0,12,54,16,0,0,0,2,4,1,0,1,3,2,6,0,7,0,2,0,91,0,5,0,0,35,4,12,0,1,2,0,0,3,2,2,0,21,1,1,0,0,0,3,0,1,4,1,0,0,0,22,0,3,0,0,0,2,2,7,0,0,0,0,0,0,2,0,5,2,0,1,0,1,0,3,0,2,3,1,0,0,4,0,3,0,9,13,1,40,0,0,0,3,1,0,3
11:48:00,0,1,6,0,96,22,26,0,1,0,5,8,14,2,1,7,1,9,0,19,0,3,0,9,0,31,0,0,45,4,16,2,1,7,0,2,4,3,2,0,28,7,0,0,1,0,2,0,1,5,2,0,0,4,59,4,11,0,1,0,2,8,0,5,0,0,0,0,0,3,0,3,4,3,8,0,0,0,2,0,11,6,0,0,0,0,0,0,0,2,2,2,44,3,0,0,3,0,0,4
11:49:00,0,0,7,0,63,4,26,0,0,3,8,4,3,1,2,3,0,14,1,11,5,9,0,12,15,5,1,3,28,1,9,0,0,0,0,0,3,8,4,0,13,0,1,10,0,0,5,0,1,0,0,0,0,0,47,0,2,0,0,0,0,1,0,14,0,0,0,0,12,3,0,5,1,0,0,0,0,0,2,0,0,0,3,0,0,0,0,0,1,1,1,35,36,0,0,0,1,0,4,38
11:50:00,0,0,1,2,25,6,25,0,1,13,1,3,1,1,0,15,0,50,1,13,0,4,0,10,0,6,0,0,59,4,11,1,0,3,0,0,3,8,6,2,35,128,13,2,0,0,0,3,1,5,0,0,7,0,44,4,36,2,0,0,2,2,0,2,2,1,2,1,0,13,1,6,3,1,1,34,0,1,0,0,2,0,1,2,0,0,0,1,1,2,2,5,14,0,1,2,0,0,7,23
11:51:00,20,0,2,0,32,1,15,0,0,0,9,7,1,67,0,1,1,112,1,2,0,2,2,7,1,13,0,3,51,8,8,0,0,5,0,0,2,3,1,10,16,6,0,0,2,0,6,0,0,16,0,0,3,7,19,1,5,3,0,0,1,8,22,9,0,8,1,0,17,1,3,8,1,0,2,0,0,0,1,0,0,0,1,2,0,0,0,12,0,6,1,3,25,0,0,0,0,1,0,1
11:52:00,0,0,0,0,16,0,18,14,1,0,5,6,3,1,0,3,2,11,0,21,0,3,29,16,0,0,0,2,29,0,12,0,0,8,4,0,2,7,3,6,23,3,0,0,0,0,5,1,0,13,0,0,0,0,32,0,3,0,1,0,1,2,0,9,0,1,1,2,0,2,3,5,0,0,3,1,0,0,2,0,1,2,1,0,0,0,0,4,0,7,1,8,53,0,1,0,0,0,3,0
11:53:00,2,0,0,0,49,0,16,0,0,0,5,9,1,1,0,2,0,7,0,9,0,3,0,8,2,0,0,1,18,0,6,1,0,6,0,2,5,7,2,1,30,4,1,0,0,0,2,0,1,1,8,0,0,7,36,0,46,0,0,4,1,2,0,0,0,0,0,0,1,3,0,9,0,0,1,0,0,0,0,0,19,1,1,1,0,0,0,0,0,2,1,2,30,0,0,0,1,0,1,1
11:54:00,1,0,1,1,116,3,14,0,1,0,8,5,1,0,0,0,0,40,1,3,0,2,0,10,0,0,0,1,30,2,22,1,0,8,0,0,3,5,4,0,29,2,1,2,0,0,8,0,0,0,0,0,1,2,26,0,3,0,0,0,0,2,4,8,0,0,23,0,0,5,0,7,1,1,2,4,0,0,3,10,0,29,1,1,1,0,0,2,0,1,0,2,0,0,0,0,5,0,2,22
11:55:00,1,0,0,1,10,2,16,0,0,1,3,9,1,3,1,2,0,9,0,1,0,4,1,17,2,33,0,0,31,5,9,1,1,10,3,0,2,9,1,1,18,6,2,3,0,0,6,2,1,3,6,0,1,0,25,0,18,2,1,0,2,2,1,6,0,1,0,0,1,5,3,8,0,2,2,4,0,0,9,0,0,1,1,3,0,0,0,0,1,2,1,1,12,1,0,6,0,0,12,3
11:56:00,2,1,0,1,31,7,13,0,0,3,6,8,1,3,0,1,0,36,1,1,0,4,0,8,0,9,13,2,19,1,5,1,0,11,0,2,0,5,2,2,13,4,1,2,6,2,4,0,10,5,0,0,0,3,71,3,2,0,4,0,0,3,2,0,0,0,1,0,1,3,0,10,0,0,9,2,0,0,7,0,0,0,0,2,2,0,0,0,2,3,1,7,33,2,0,40,3,0,4,0
11:57:00,1,0,12,0,17,0,71,0,0,1,6,9,1,2,0,1,0,51,1,9,1,2,1,14,4,2,23,5,35,1,8,2,0,16,12,1,0,6,0,2,23,11,0,0,0,0,5,2,0,2,3,0,7,0,35,3,3,0,10,0,1,17,6,6,2,0,2,0,0,12,0,6,0,0,6,1,0,0,0,0,0,0,3,2,0,13,1,0,22,3,1,1,32,0,0,2,1,0,6,0
11:58:00,21,0,0,1,15,9,16,0,1,2,17,4,2,0,0,1,1,18,1,6,0,4,4,12,0,0,1,0,30,10,5,0,0,13,5,0,6,18,0,0,39,10,0,2,0,0,5,3,1,0,1,14,0,6,61,3,5,5,0,0,0,0,4,14,4,1,0,0,0,8,2,7,2,3,10,0,0,0,0,0,0,0,2,1,0,4,0,7,0,1,2,1,29,0,0,1,1,0,0,16
11:59:00,3,33,0,0,4,5,20,0,1,0,13,10,0,2,1,0,1,5,1,2,0,3,1,17,12,8,0,2,21,3,8,1,0,49,3,0,4,7,2,0,24,12,0,0,0,0,8,1,0,0,0,0,0,6,50,3,4,0,0,0,2,0,9,0,0,1,3,0,0,6,2,8,2,2,6,23,0,0,3,0,0,0,2,0,0,0,0,0,0,2,1,0,19,0,0,0,0,0,0,2
12:00:00,4,0,0,1,34,0,25,1,0,1,29,2,2,3,0,1,0,26,0,3,1,4,0,14,0,17,1,3,7,5,7,3,0,50,0,0,13,2,4,0,21,8,5,0,6,0,6,2,1,2,2,0,1,1,25,4,6,0,0,0,2,0,1,3,0,0,1,0,1,8,3,19,5,1,1,3,0,1,1,0,0,1,3,0,0,0,0,3,1,5,1,3,31,1,0,1,1,0,1,2
13:01:00,7,98,6,29,64,18,90,0,0,38,14,121,1,13,1,16,3,87,0,7,2,18,3,32,0,122,12,0,42,24,8,87,0,66,2,0,15,21,12,4,48,64,10,8,1,0,11,4,6,14,6,7,0,5,28,1,99,1,8,4,8,6,7,7,0,2,8,4,13,16,5,15,87,2,18,32,0,1,4,12,5,4,20,0,0,11,13,3,6,10,4,9,57,2,0,16,1,0,11,5
13:02:00,0,13,1,0,40,1,21,0,1,0,15,7,3,4,2,4,1,14,8,0,0,2,1,19,0,22,0,3,18,14,1,2,13,9,1,2,5,4,0,7,19,26,5,2,1,0,3,0,1,6,0,0,0,7,5,0,7,0,0,0,0,0,0,7,0,0,1,0,0,4,2,14,1,1,3,0,0,0,1,23,11,17,2,0,0,3,1,0,0,1,2,2,45,0,23,1,0,0,12,15
13:03:00,13,1,0,15,88,1,23,12,0,6,5,7,1,1,0,5,2,129,0,11,0,2,14,9,0,35,0,0,3,17,1,8,1,32,0,0,4,0,0,2,45,8,0,0,0,0,5,21,4,0,0,0,0,1,22,0,14,4,4,1,2,5,0,2,0,2,16,11,3,2,1,12,2,0,0,0,0,0,4,26,4,5,1,0,0,12,0,9,0,1,1,0,9,0,5,37,1,0,14,1
13:04:00,2,49,2,0,42,3,55,4,1,4,4,4,2,1,0,5,1,45,3,35,0,3,0,9,2,0,1,0,16,7,3,0,0,9,3,0,4,0,0,10,20,2,0,0,0,0,0,1,1,0,2,2,0,6,43,0,8,0,0,0,0,1,0,0,0,0,1,0,1,1,1,12,0,1,2,28,0,0,3,7,6,0,4,0,0,3,0,0,10,1,1,2,6,0,17,9,2,0,6,1
13:05:00,1,105,2,12,78,5,20,5,0,8,2,4,2,4,0,3,2,37,3,0,0,1,0,2,0,58,0,0,37,1,1,0,1,7,6,0,4,26,1,5,22,22,2,0,0,0,9,2,2,0,3,0,0,3,46,0,7,0,0,0,3,4,7,0,0,2,5,0,2,1,0,57,25,0,4,5,0,0,8,6,4,5,34,0,0,6,15,0,0,3,0,6,5,0,3,5,1,0,1,9
13:06:00,1,112,1,0,37,4,25,15,0,4,4,5,2,1,0,1,2,4,2,5,0,1,1,6,10,3,0,2,13,0,1,0,0,7,3,1,5,12,0,1,60,25,0,0,0,0,11,2,2,3,0,0,0,2,14,2,49,0,0,0,2,0,4,2,0,1,3,0,0,13,3,7,44,0,1,39,0,0,0,8,4,8,1,0,0,3,0,0,0,2,1,0,14,0,0,0,0,0,0,9
13:07:00,0,30,0,0,23,4,43,7,0,8,0,5,1,2,0,1,2,3,3,3,0,2,0,8,0,0,0,0,12,7,1,16,0,7,8,0,4,60,0,4,22,0,1,0,4,0,9,1,0,3,0,0,0,2,7,0,11,0,0,0,0,1,5,3,0,3,4,0,12,1,16,3,3,0,4,0,0,0,4,11,2,1,0,0,0,11,3,0,0,1,2,0,10,0,1,0,0,0,0,22
13:08:00,1,5,3,0,6,2,24,4,0,4,0,8,2,4,1,2,2,46,10,0,0,1,0,5,0,9,1,0,14,15,0,2,0,8,1,0,4,7,0,4,23,3,3,0,0,0,0,0,2,19,0,0,0,0,32,0,10,0,0,0,0,1,1,0,0,0,6,0,0,3,2,5,53,1,104,1,0,0,1,0,3,0,3,0,0,0,0,6,0,1,2,0,11,6,3,1,0,0,0,7
13:09:00,1,67,0,0,24,23,22,13,0,9,0,5,2,1,0,3,0,9,0,5,1,2,0,24,5,8,1,0,43,0,2,0,0,29,6,0,8,6,0,18,42,1,1,0,0,0,13,0,2,3,0,0,0,1,17,0,50,5,0,0,0,1,0,1,0,0,11,0,15,5,2,4,12,0,2,1,0,0,2,2,0,0,2,0,0,0,0,10,0,3,1,0,36,2,0,1,1,0,0,9
13:10:00,1,0,15,0,36,2,83,17,0,24,1,10,8,3,2,3,2,39,2,44,2,36,0,2,0,33,0,0,48,15,1,10,6,33,0,18,10,3,10,7,24,72,3,0,6,0,8,1,1,2,0,0,1,2,24,0,19,0,2,0,3,5,0,2,0,0,8,0,5,3,2,4,32,1,9,18,3,1,4,3,0,2,2,0,0,0,0,2,0,9,19,1,8,2,1,6,0,0,4,25
13:11:00,0,59,0,0,6,9,24,14,0,6,1,5,1,2,0,4,3,0,0,29,0,3,0,11,0,8,0,1,28,12,33,0,0,15,0,2,4,5,0,3,7,31,0,0,1,0,5,0,0,14,1,0,0,0,22,0,38,13,0,1,1,1,1,8,0,1,0,0,1,2,7,2,6,0,2,8,0,0,1,3,0,0,5,0,0,2,0,0,0,10,1,0,33,0,0,7,1,0,8,9
13:12:00,2,2,0,0,27,2,28,10,0,5,0,5,1,4,0,3,0,6,1,44,0,2,0,16,0,16,0,0,4,9,2,0,0,10,0,0,6,2,0,3,6,8,0,1,13,0,5,1,2,47,0,2,0,0,17,0,33,1,0,0,1,2,1,14,0,2,0,0,4,3,3,3,0,0,2,0,0,0,3,5,1,25,10,0,3,6,0,0,0,1,0,0,39,4,0,4,0,0,6,6
13:13:00,1,32,0,5,31,18,24,0,0,2,0,37,3,3,1,0,2,43,0,33,0,2,0,6,0,9,0,4,20,1,4,0,0,12,8,1,4,2,0,7,26,1,2,0,2,0,0,0,0,70,0,0,0,16,16,0,21,0,0,1,1,2,0,0,0,0,1,0,5,2,2,4,14,5,6,17,0,0,0,1,21,10,2,0,0,10,0,0,22,3,5,0,44,0,0,0,4,0,9,25
13:14:00,1,51,2,0,10,2,53,0,0,6,0,26,2,2,1,0,2,21,0,27,0,3,9,52,0,8,0,0,30,9,4,0,1,7,0,0,4,4,3,0,20,5,2,0,2,0,1,0,0,20,0,0,0,10,20,0,71,4,0,0,0,3,0,0,0,0,0,0,13,7,0,8,5,0,0,1,0,0,0,6,2,1,2,0,0,3,5,8,0,2,2,0,35,1,0,0,0,0,15,20
13:15:00,8,27,13,0,43,7,92,0,0,1,1,42,5,2,5,1,1,61,1,9,0,4,0,9,0,40,4,0,48,11,3,1,2,3,0,3,4,9,3,0,14,33,4,1,0,0,7,3,3,2,1,1,3,7,40,1,12,2,1,0,3,2,2,0,0,1,2,1,10,5,33,5,142,16,2,30,0,2,0,6,4,2,3,0,1,9,1,1,8,5,9,2,39,5,0,2,0,0,7,21
13:16:00,2,31,8,0,23,6,21,0,1,31,40,19,1,1,1,8,2,78,0,9,0,8,2,56,0,20,3,2,27,0,3,20,0,27,1,0,0,0,1,0,35,37,3,0,0,0,10,0,0,1,1,6,37,3,68,1,13,0,10,0,1,13,2,1,0,0,6,8,2,4,4,12,4,5,0,0,0,3,8,1,3,0,3,20,2,4,7,39,0,1,3,0,24,1,0,17,8,0,12,2
13:17:00,1,8,3,0,6,23,74,3,0,1,1,11,2,15,0,1,6,287,1,6,7,30,14,159,0,4,7,0,218,2,1,12,0,9,3,0,1,0,2,0,43,38,10,14,0,0,3,0,2,14,9,0,0,0,12,0,45,0,0,0,0,0,0,1,0,0,14,0,4,6,4,3,46,0,0,27,0,26,5,1,0,16,2,0,0,2,0,4,2,13,56,1,19,6,3,0,33,0,3,8
13:18:00,1,7,0,0,19,28,48,0,12,0,27,6,3,0,11,1,2,66,0,3,0,22,2,14,10,98,1,10,41,4,1,3,0,46,2,20,3,3,1,2,32,43,8,8,0,0,13,21,2,5,0,0,3,1,10,3,32,1,2,1,0,0,1,0,8,16,0,5,20,20,2,10,5,9,39,12,0,0,1,0,0,0,24,0,0,3,4,21,22,319,42,11,29,0,0,1,2,0,3,14
13:19:00,0,25,0,0,19,3,79,6,0,4,3,8,1,0,2,22,0,46,1,44,0,3,3,6,4,8,0,2,41,2,15,8,0,5,7,0,4,13,3,4,13,10,2,3,0,0,1,1,0,27,2,0,0,2,9,2,10,2,0,1,2,2,1,7,0,0,7,11,29,5,2,0,2,0,0,2,0,0,6,1,1,2,2,0,0,6,0,2,1,8,17,0,22,0,1,0,1,0,12,1
13:20:00,0,10,1,1,38,5,43,0,1,5,2,7,3,5,0,2,0,39,0,13,0,2,0,71,1,13,0,0,27,1,6,14,1,10,2,2,4,0,2,1,12,4,4,0,0,0,4,13,4,2,1,0,1,0,9,2,9,1,0,1,2,1,0,0,0,1,4,0,25,4,37,1,10,0,2,3,0,1,1,5,0,5,2,0,0,7,0,1,1,8,4,2,59,1,0,4,1,0,9,1
13:21:00,0,22,0,0,27,26,76,5,1,4,4,10,1,0,0,3,0,122,2,15,0,2,0,65,0,15,2,1,17,22,10,16,12,0,8,0,7,3,1,16,26,41,15,1,0,0,2,0,0,5,11,0,1,2,9,2,49,0,0,0,0,1,2,2,0,7,4,0,4,1,7,6,23,1,0,5,16,26,7,3,2,2,7,0,0,7,0,6,2,5,16,1,41,0,0,66,0,7,10,2
13:22:00,0,23,2,0,67,8,20,0,2,5,12,14,9,0,0,2,2,21,1,0,0,3,2,46,0,8,0,1,20,0,1,13,0,2,1,1,1,1,2,1,6,27,2,0,0,0,2,0,1,1,13,0,0,0,17,0,55,0,0,0,0,0,4,1,0,0,3,0,2,8,2,1,27,1,0,2,0,0,2,0,13,0,2,0,1,7,0,1,1,9,4,0,21,2,0,9,0,0,7,20
13:23:00,13,8,0,0,107,2,33,0,0,10,2,9,4,4,1,3,1,54,0,17,0,3,1,44,0,3,1,0,26,0,4,0,0,18,0,21,6,22,5,2,8,11,0,0,0,0,1,0,3,8,0,0,0,0,25,1,24,1,0,0,0,1,5,1,0,11,3,0,0,2,1,19,2,0,0,2,0,0,3,16,3,0,2,0,0,5,0,0,0,3,1,3,39,1,1,12,1,0,10,1
13:24:00,0,1,0,0,33,9,42,0,1,5,5,12,3,5,1,3,2,44,3,20,0,2,0,7,14,4,2,1,20,8,8,1,3,6,0,1,3,2,1,0,43,61,3,0,0,0,2,1,0,4,1,0,0,0,9,7,73,2,0,0,1,4,0,1,0,5,3,0,0,6,0,3,6,0,0,11,0,1,2,2,0,10,2,0,0,1,9,0,1,1,3,0,31,0,0,13,1,0,9,9
13:25:00,0,19,1,36,73,4,56,1,0,5,14,18,1,12,0,20,1,55,0,3,1,3,1,2,44,11,0,7,10,6,2,14,4,26,1,3,2,3,4,2,44,31,5,0,0,0,4,1,5,0,1,0,1,1,91,3,17,1,1,16,97,0,0,2,0,5,4,1,18,11,2,2,5,3,3,27,7,1,3,5,13,14,1,1,0,3,0,8,1,3,1,4,45,2,0,8,9,0,10,6
13:26:00,0,7,0,0,101,3,47,0,1,6,6,15,1,1,1,4,2,8,1,22,0,2,1,21,1,2,1,2,15,14,2,2,0,5,12,0,4,0,2,2,18,6,0,0,1,0,4,0,1,0,0,0,0,0,15,5,17,0,1,0,2,1,3,3,0,4,2,0,1,2,5,0,34,0,0,0,0,0,2,1,0,1,2,1,0,2,0,1,0,13,2,9,5,1,0,8,2,0,11,5
13:27:00,0,0,0,0,35,32,49,0,0,23,8,17,3,5,0,4,1,62,2,25,0,6,3,17,2,6,0,0,21,31,2,18,0,10,9,1,3,2,3,0,23,17,0,0,0,0,5,1,0,4,0,0,0,6,17,1,34,0,1,0,0,2,0,0,0,0,1,0,1,3,0,0,1,0,2,2,0,0,1,8,1,5,0,1,1,1,0,1,0,2,0,2,47,5,0,4,7,1,7,2
13:28:00,0,8,3,0,5,7,48,1,3,5,7,11,0,0,1,4,2,17,2,1,0,2,0,26,0,2,0,2,13,32,0,17,0,50,2,0,4,0,1,2,13,29,0,4,0,0,4,5,0,4,0,0,0,0,18,1,26,0,0,0,1,3,0,1,0,0,2,0,4,3,0,0,1,0,1,2,1,1,1,10,1,12,0,1,0,0,0,0,2,0,1,0,28,4,1,4,0,1,0,3
13:29:00,0,15,0,0,10,8,41,1,0,0,1,14,1,0,1,4,2,33,3,0,0,4,3,35,0,4,0,2,13,7,5,1,0,21,0,4,5,3,0,1,14,0,0,0,0,0,4,0,2,14,2,0,0,1,24,2,12,0,0,0,0,3,0,2,0,1,4,0,1,9,9,0,0,0,4,1,0,0,1,0,0,15,0,1,0,1,0,0,0,4,1,1,51,3,2,6,0,0,0,1
13:30:00,6,25,1,1,13,2,47,4,2,6,17,9,4,3,1,3,1,45,1,2,0,13,0,24,0,13,0,4,16,7,4,2,1,7,1,1,6,2,0,0,21,1,2,2,1,0,5,1,3,7,1,8,9,0,25,3,54,0,0,0,3,1,0,0,0,8,3,0,9,5,1,1,0,1,6,2,0,1,3,14,0,11,5,1,0,8,5,0,1,1,11,2,2,3,3,5,1,1,3,1
13:31:00,0,4,0,0,28,22,39,16,0,3,9,14,2,1,0,2,0,38,1,8,0,3,0,24,0,5,0,1,8,1,1,0,3,6,12,0,3,0,3,1,12,0,6,5,0,0,5,0,2,5,0,5,0,2,20,3,15,6,0,1,1,3,0,1,0,1,5,0,3,8,0,0,3,1,13,9,4,0,4,0,2,10,0,0,2,2,4,1,0,1,6,1,11,0,0,2,0,0,9,21
13:32:00,0,9,0,0,1,1,23,0,4,19,10,14,2,0,1,7,0,40,1,27,0,17,8,39,1,7,0,0,47,0,4,15,0,14,2,0,5,1,3,11,39,61,1,3,1,0,2,1,3,12,0,10,0,0,17,1,12,7,0,1,1,1,1,1,0,1,2,0,5,8,0,0,0,1,0,29,0,1,3,3,0,17,0,41,0,3,0,0,3,1,2,1,6,1,15,0,5,0,2,9
13:33:00,0,8,0,0,30,3,124,0,0,0,17,14,2,1,2,2,0,2,0,27,2,7,0,84,2,33,0,2,16,133,14,0,0,6,6,2,6,7,0,1,39,1,0,0,4,0,7,1,2,2,0,3,0,0,32,1,14,1,0,1,0,2,2,2,0,0,15,0,0,2,7,0,6,7,6,2,3,0,13,5,11,6,0,0,0,2,0,0,17,1,25,1,5,4,0,3,0,1,3,6
13:34:00,0,7,0,0,26,2,116,0,2,6,0,14,1,0,3,6,0,8,1,4,1,1,0,20,0,4,1,2,52,5,13,1,0,16,0,2,11,1,0,7,144,21,0,2,0,0,7,2,1,2,0,3,0,4,47,47,46,0,0,0,0,0,7,1,0,3,2,0,4,34,0,5,1,0,2,1,0,0,3,5,27,6,1,2,5,4,7,1,0,28,29,2,45,2,0,104,1,0,6,4
13:35:00,0,21,1,0,36,26,182,2,3,23,4,13,2,3,1,27,2,9,1,12,1,2,13,14,6,18,0,0,57,2,27,2,1,34,0,0,6,8,2,2,144,19,20,0,0,0,27,3,3,1,1,0,1,0,37,0,26,7,14,0,4,2,3,0,1,1,18,13,6,7,1,12,2,1,10,35,1,12,1,0,1,10,0,0,0,2,0,13,10,2,47,1,17,2,6,8,1,0,9,26
13:36:00,1,37,0,0,17,4,120,0,3,4,2,17,4,2,2,7,1,6,1,11,0,2,0,30,2,3,1,2,30,4,3,1,0,14,12,0,51,6,0,7,79,0,7,0,7,0,0,0,0,6,0,0,0,2,22,0,14,1,0,0,2,10,1,1,0,3,3,0,5,7,1,3,36,0,1,2,0,1,3,2,0,10,0,0,0,5,0,0,1,2,9,2,8,1,1,8,0,0,4,6
13:37:00,0,4,9,0,18,1,116,2,0,1,3,11,0,4,1,3,2,14,1,6,0,2,0,14,0,6,2,6,12,0,1,0,0,9,7,0,10,7,0,7,54,3,1,0,2,0,3,0,1,11,0,0,0,21,27,1,40,0,0,0,2,0,2,0,0,0,2,0,3,2,18,2,6,0,0,4,0,1,9,2,7,15,0,0,0,8,0,7,0,5,4,10,9,3,0,4,4,0,10,4
13:38:00,0,4,1,0,36,34,62,3,5,29,4,43,2,2,4,1,0,131,2,10,0,2,9,46,3,10,0,0,48,2,1,0,0,2,12,4,8,2,0,7,42,36,1,0,2,0,1,0,0,7,7,11,0,12,58,0,16,4,0,2,2,8,0,1,0,4,5,3,5,70,4,0,2,12,0,1,0,1,0,1,9,0,0,60,0,10,13,0,11,3,28,0,41,0,0,4,0,3,15,27
13:39:00,44,3,0,0,25,17,162,20,0,6,2,6,6,3,10,2,1,288,1,7,0,2,11,39,0,35,18,4,29,0,5,0,0,10,0,0,4,11,2,8,43,2,7,0,0,0,10,0,1,6,10,0,0,1,22,1,17,0,1,0,1,0,3,5,8,0,9,0,3,40,9,1,0,3,1,2,0,1,5,1,2,2,1,0,0,7,0,52,1,13,1,2,74,0,1,14,0,2,8,9
13:40:00,4,4,26,0,8,11,90,2,2,2,3,13,1,5,0,1,1,14,0,1,0,3,2,40,2,26,3,1,54,1,2,1,0,4,3,0,3,2,1,2,24,4,2,1,0,0,6,3,1,8,0,1,1,1,63,1,27,0,1,1,2,1,1,1,0,3,3,0,2,24,3,3,1,3,6,3,0,1,3,2,2,1,0,0,0,6,0,1,0,5,5,12,25,0,0,1,40,0,13,17
13:41:00,4,0,0,1,7,21,119,3,1,5,8,8,1,18,0,3,1,19,0,56,0,20,2,31,1,27,4,1,19,3,5,1,0,2,9,0,6,2,0,4,48,2,2,2,0,0,1,0,7,11,1,8,0,0,10,2,68,0,1,0,3,3,3,2,0,1,4,0,4,8,0,16,11,6,32,2,0,0,3,1,1,1,3,0,0,9,7,0,0,3,0,7,16,0,0,1,0,0,6,5
13:42:00,4,0,0,1,88,24,71,3,4,6,11,10,2,3,0,1,1,44,3,21,0,2,1,22,0,51,3,1,9,0,5,2,0,5,7,0,4,3,0,3,34,20,0,5,2,0,1,0,3,7,0,8,0,1,35,0,90,0,0,0,2,1,1,0,0,2,11,0,1,3,0,1,16,1,5,0,0,0,0,2,0,2,0,0,1,4,0,0,2,1,2,3,55,1,0,3,0,0,5,3
13:43:00,4,2,1,1,14,4,97,5,1,5,2,7,2,0,0,1,1,19,2,6,0,2,0,7,1,6,4,2,14,2,8,0,0,9,3,0,7,3,0,4,53,9,0,0,5,0,3,2,2,7,0,0,1,0,18,1,29,0,0,0,2,3,1,2,0,0,1,20,1,5,0,4,11,0,0,0,0,2,5,0,0,3,2,0,0,2,0,0,0,1,12,5,54,0,0,1,1,2,3,12
13:44:00,0,124,0,0,40,1,62,4,2,5,4,9,1,1,0,0,3,158,1,12,0,3,0,34,17,4,2,0,8,2,0,1,0,9,12,1,4,2,0,0,20,3,3,0,0,0,0,0,0,9,1,5,0,0,15,1,15,0,0,0,1,0,13,1,0,0,2,0,0,11,6,5,7,1,1,0,0,0,2,3,0,2,3,0,0,5,0,0,2,1,4,1,35,1,0,1,2,0,0,1
13:45:00,4,3,0,4,11,26,70,0,1,6,7,14,2,4,0,1,2,15,1,5,2,2,0,26,1,6,2,1,21,4,7,1,1,14,9,1,4,5,0,12,51,5,3,0,8,0,2,2,4,5,0,5,2,3,34,2,17,0,0,0,25,0,2,4,0,0,3,0,2,8,9,7,2,8,10,4,1,1,0,3,1,1,0,0,0,4,0,0,3,8,9,5,7,5,0,7,2,0,8,0
13:46:00,1,0,5,1,8,9,80,0,3,5,5,9,1,2,0,2,1,12,1,22,0,3,4,20,1,10,2,3,4,14,3,4,0,25,0,0,3,3,0,0,44,0,0,0,1,0,1,0,0,6,0,0,0,0,11,0,21,0,0,1,1,0,3,3,0,2,7,0,1,5,1,3,2,3,1,0,0,0,0,0,0,28,0,0,0,0,7,0,0,1,6,3,13,5,1,0,1,0,7,1
13:47:00,2,0,0,1,21,22,212,0,3,4,3,16,1,1,1,1,1,34,0,14,2,4,0,6,3,14,2,0,6,2,4,2,0,15,0,0,3,4,2,0,57,4,3,0,2,0,1,0,2,3,0,0,0,0,29,1,39,0,1,0,3,1,10,7,0,1,6,0,0,1,3,2,8,0,9,1,0,0,0,1,1,1,0,0,0,4,0,0,3,1,1,4,16,2,0,4,0,0,7,1
13:48:00,0,0,0,1,3,22,125,0,3,4,0,8,1,2,1,2,2,5,8,1,0,4,3,15,9,17,1,1,1,1,2,11,0,8,0,7,1,2,1,3,95,34,13,0,0,0,11,0,5,6,0,1,0,0,22,1,29,4,0,0,7,0,0,9,0,0,6,0,2,3,0,4,6,0,0,3,0,0,0,0,4,0,4,1,0,1,0,0,2,1,9,1,2,2,0,10,2,1,9,2
13:49:00,0,0,0,2,10,23,138,0,2,7,1,16,2,3,2,0,2,17,4,2,0,3,0,13,1,4,2,3,17,0,1,0,0,3,0,0,0,5,1,1,69,4,1,0,3,0,1,1,0,2,0,8,0,0,31,1,21,0,0,0,2,2,5,0,0,0,6,0,1,2,0,5,5,1,0,0,0,0,0,2,0,1,1,0,0,3,0,0,0,2,0,4,33,0,0,3,0,0,8,0
13:50:00,0,50,15,1,18,23,66,0,3,15,3,9,1,5,0,0,2,14,1,18,0,3,0,14,0,7,0,1,24,6,5,2,0,9,6,0,0,9,2,1,39,3,2,1,0,0,6,2,5,1,1,0,0,0,30,1,36,0,2,0,2,0,1,3,0,2,6,0,2,5,4,7,10,0,1,28,0,0,0,4,1,1,1,1,1,1,0,2,1,1,6,7,22,2,0,4,2,0,13,2
13:51:00,14,2,0,1,16,35,53,2,0,4,4,31,10,2,1,2,1,10,0,14,0,2,4,45,1,72,0,0,6,0,5,0,0,0,0,0,0,4,3,8,34,30,3,0,5,0,4,0,0,6,0,0,1,0,17,2,8,0,1,0,2,4,0,6,0,2,0,0,0,6,0,2,4,1,0,1,0,0,0,1,0,0,7,0,11,1,0,0,17,1,2,3,13,2,0,4,0,0,17,9
13:52:00,0,24,8,1,13,4,73,0,5,6,3,9,2,3,2,1,1,1,1,2,1,16,0,19,0,7,0,0,57,2,9,20,0,5,7,0,0,15,0,0,80,61,4,0,0,0,0,0,3,5,0,0,0,2,80,2,4,0,0,0,1,0,1,6,0,0,0,0,1,4,3,6,21,0,1,0,0,1,11,1,0,1,0,0,0,1,0,0,1,1,2,8,25,0,0,0,0,1,0,1
13:53:00,0,184,0,1,2,14,46,0,1,3,2,4,2,3,2,0,2,105,1,8,0,1,10,20,0,34,3,0,52,11,3,2,0,10,25,0,0,7,0,1,21,13,0,0,1,0,3,1,20,14,0,0,0,0,72,1,18,3,0,0,3,0,2,7,0,0,2,0,0,1,5,6,85,0,13,0,0,0,3,0,12,0,6,0,0,5,3,1,5,4,2,2,41,0,0,2,2,1,0,0
13:54:00,0,11,2,2,10,0,54,0,2,8,4,5,4,1,0,0,1,5,0,23,0,2,2,7,0,36,4,5,44,2,2,0,0,5,9,0,0,3,0,0,26,28,2,0,0,0,15,0,4,10,0,0,0,0,20,2,7,0,0,0,3,0,0,0,0,0,3,5,0,7,0,2,4,0,0,1,0,5,2,0,3,0,0,1,0,3,0,8,0,1,12,4,27,2,0,5,0,0,0,3
13:55:00,0,9,0,2,0,4,56,0,1,6,1,8,2,5,4,1,3,30,0,29,2,2,1,9,0,7,2,0,5,50,4,13,1,26,0,8,0,7,2,2,53,7,2,0,0,0,14,3,1,2,2,0,1,0,8,3,45,0,0,3,3,0,0,1,0,0,2,0,1,5,1,8,23,0,13,3,0,1,7,0,13,3,5,0,0,2,7,0,16,1,0,5,35,3,0,3,2,0,4,16
13:56:00,0,2,4,1,49,0,50,1,2,7,0,9,3,3,1,1,1,62,0,38,0,2,0,19,5,7,1,0,47,5,2,0,0,4,3,0,0,8,4,0,26,41,0,8,1,0,16,1,2,5,0,1,1,14,22,1,19,5,12,0,4,0,4,1,0,0,8,1,31,7,0,5,2,1,2,2,0,0,5,0,19,1,0,0,0,2,0,0,2,1,4,5,14,4,0,0,8,0,7,4
13:57:00,0,21,10,1,22,1,27,0,3,23,0,12,1,4,9,2,1,9,1,39,0,2,1,14,2,10,0,0,7,11,2,1,0,3,4,1,0,4,0,1,33,1,1,2,0,0,3,0,0,1,0,0,0,0,13,1,8,1,0,0,0,0,0,5,0,0,0,0,0,8,0,5,1,0,0,4,0,0,12,0,0,3,0,0,1,3,0,0,0,4,7,8,8,3,4,0,7,0,15,19
13:58:00,0,2,5,0,9,1,44,0,1,10,0,5,3,4,0,3,2,9,0,4,0,3,0,7,0,22,0,3,45,6,5,1,0,0,3,0,17,6,0,0,34,6,1,3,5,0,11,0,12,2,0,0,1,0,42,0,35,0,0,0,2,0,0,1,0,0,4,0,6,4,3,7,2,0,1,0,0,0,4,0,0,5,3,0,0,2,7,0,18,2,0,1,32,13,0,0,0,0,12,38
13:59:00,1,2,3,2,6,46,23,2,2,14,3,22,1,3,0,1,1,41,1,6,0,2,1,38,14,6,3,3,13,6,5,5,0,4,4,1,0,3,0,0,62,3,3,2,1,0,5,0,3,2,1,0,0,1,9,2,6,1,0,0,2,0,1,5,0,0,2,0,0,7,0,8,1,0,2,4,1,1,3,6,0,2,0,0,1,4,3,1,1,0,2,3,58,3,0,3,5,0,13,0
14:00:00,0,2,1,0,14,14,100,1,2,10,5,11,2,6,2,3,3,20,0,4,0,3,0,9,28,60,0,0,19,4,6,4,0,11,0,4,0,7,1,7,31,3,2,0,8,0,1,2,1,0,0,0,1,2,13,4,9,1,0,0,3,0,4,1,0,0,3,1,1,4,1,4,3,6,4,3,0,1,2,3,0,5,0,0,0,2,0,1,1,25,1,3,46,3,0,6,0,0,9,19
14:01:00,2,10,0,0,6,10,28,0,1,13,4,9,1,3,1,2,1,24,0,13,0,8,0,3,9,19,0,1,4,9,13,2,0,5,0,0,0,7,3,0,40,8,0,0,0,0,0,1,0,5,0,4,1,0,9,1,67,0,0,0,2,0,0,1,0,0,5,9,2,5,0,4,0,4,0,0,0,0,14,2,1,2,2,0,0,11,0,1,23,1,7,3,14,5,1,4,7,0,18,16
14:02:00,3,0,0,1,49,19,68,0,3,8,6,7,1,3,0,30,2,190,2,3,1,3,1,5,0,40,0,0,21,2,12,48,6,11,0,0,0,4,1,1,23,85,0,0,1,0,2,0,2,6,0,1,1,0,90,2,11,1,0,0,2,0,10,2,0,0,5,0,1,5,0,3,0,1,0,0,0,0,2,2,3,1,0,0,0,5,0,1,0,1,6,17,38,5,1,6,0,1,13,1
14:03:00,19,14,0,2,192,15,50,1,2,5,8,9,1,3,0,1,1,71,0,16,0,2,5,9,1,22,0,2,11,14,5,10,0,18,0,0,1,6,0,4,43,27,0,4,0,0,2,1,0,10,0,0,0,1,41,2,12,2,0,0,1,0,1,0,0,11,3,0,4,3,16,7,0,1,0,54,0,0,6,35,1,1,3,0,0,8,0,0,2,1,22,3,11,4,0,1,10,1,3,4
14:04:00,3,1,0,0,71,35,48,0,1,6,2,10,2,4,0,4,1,60,60,8,0,3,0,8,1,5,0,3,54,0,6,1,0,55,0,3,4,13,0,4,70,4,19,0,2,0,20,0,0,4,0,0,0,0,16,2,38,0,0,0,2,0,1,3,0,0,4,2,7,4,1,3,0,0,0,0,0,0,1,1,0,0,0,0,0,6,3,0,12,1,5,4,9,2,0,5,0,0,0,20
14:05:00,4,2,4,1,69,6,35,7,8,8,2,8,1,4,5,4,2,47,4,15,1,5,2,17,1,34,0,0,58,3,15,1,9,19,2,1,4,3,1,3,37,2,2,1,1,2,6,2,2,4,3,1,1,1,45,3,28,0,1,1,7,9,2,4,0,1,4,0,4,9,2,1,2,0,3,5,0,1,2,1,1,12,9,1,0,13,0,1,3,1,0,3,55,3,0,3,8,1,0,17
14:06:00,5,11,0,0,6,8,45,5,1,5,7,8,1,3,0,4,1,82,1,7,1,4,0,3,26,9,0,0,12,3,10,0,0,23,18,6,4,33,1,0,32,6,0,2,0,0,2,3,1,6,1,0,1,1,17,1,30,2,0,0,1,0,2,1,0,4,4,2,5,10,9,0,0,1,0,1,0,0,2,2,22,0,4,0,0,1,0,14,4,21,4,2,5,3,0,11,0,0,1,13
14:07:00,5,0,3,2,29,9,30,4,3,20,2,8,4,3,1,6,2,3,0,10,0,3,0,1,0,15,5,1,6,0,9,0,0,3,0,0,9,6,0,4,36,1,0,2,0,0,3,2,0,3,0,14,1,3,6,4,10,0,0,0,3,0,4,6,0,2,3,0,0,5,0,0,0,0,0,0,0,0,2,1,2,1,2,0,0,9,0,0,1,2,1,9,12,4,0,0,3,0,6,5
14:08:00,4,0,0,43,42,22,167,7,4,15,5,11,3,3,1,6,1,56,1,9,0,40,0,30,1,24,0,0,30,7,3,3,4,2,0,1,6,1,0,0,51,1,1,5,1,0,23,0,2,1,2,5,1,1,7,2,41,0,0,0,1,0,0,1,0,4,32,0,12,5,0,0,3,0,24,41,0,0,7,4,0,1,15,0,0,3,0,13,16,1,1,5,61,3,0,3,2,0,0,0
14:09:00,1,1,1,0,40,4,38,10,2,0,8,10,1,5,1,5,1,11,1,5,0,4,1,8,1,10,1,0,22,0,4,0,0,0,0,5,7,1,0,1,66,1,4,2,0,0,4,0,3,5,1,0,0,10,6,2,8,1,0,0,3,2,5,4,0,1,3,0,3,3,2,0,0,14,0,1,0,0,2,1,2,4,10,0,0,9,14,0,7,1,0,2,23,3,0,2,1,0,2,0
14:10:00,0,0,23,0,10,0,167,10,3,2,9,9,3,5,12,10,2,13,2,5,2,4,0,10,8,12,0,0,23,2,23,0,1,7,2,1,5,4,2,1,145,4,3,0,2,0,9,2,6,5,1,0,1,2,87,2,5,0,1,0,8,3,1,5,0,6,3,1,5,5,2,3,2,3,5,3,0,2,5,2,1,8,0,4,0,5,1,2,17,4,32,6,10,10,23,2,0,0,9,14
14:11:00,1,1,2,0,5,30,88,7,1,0,2,8,1,3,1,13,1,31,1,35,0,4,1,18,1,25,1,0,9,2,1,1,2,4,4,1,10,2,9,1,81,22,1,4,1,0,2,0,0,4,1,2,1,0,23,2,7,0,0,0,3,6,1,8,0,0,5,2,1,6,1,0,1,0,0,0,0,0,11,1,0,1,1,0,0,2,2,0,3,1,18,2,13,5,0,0,4,4,9,0
14:12:00,0,2,0,0,32,28,80,0,0,7,10,3,1,3,1,0,2,15,0,7,0,1,0,4,2,25,0,0,15,1,4,0,0,4,7,3,4,5,3,0,9,10,4,0,3,0,0,0,4,4,0,1,0,0,7,3,9,1,0,0,1,1,5,1,0,1,1,2,2,12,0,2,0,0,0,0,0,0,0,2,0,5,0,0,6,3,0,0,0,1,4,6,3,4,0,0,6,2,11,3
14:13:00,2,1,2,0,35,16,66,0,0,8,0,7,2,7,0,4,1,25,1,13,0,2,0,3,0,13,0,0,10,17,0,1,0,4,0,0,5,6,1,8,5,1,1,0,1,0,0,2,0,4,2,2,0,0,7,3,3,0,1,0,6,1,0,0,0,0,3,0,2,3,0,5,0,0,9,1,0,55,0,4,8,1,0,0,0,3,0,2,0,1,0,3,10,3,4,9,8,0,13,0
14:14:00,0,53,1,0,24,12,106,0,0,12,0,16,2,3,2,0,1,2,1,5,0,2,0,8,7,50,0,0,1,12,2,0,0,5,0,0,3,1,0,0,15,5,0,5,8,0,2,0,0,16,0,0,0,8,48,2,48,0,1,0,0,0,3,1,0,0,8,0,0,1,1,11,30,1,7,0,0,0,0,6,13,0,0,0,2,17,0,0,0,1,5,1,6,2,4,1,2,0,9,14
14:15:00,3,45,2,1,8,16,110,0,0,39,2,59,1,7,0,1,2,7,21,23,1,3,11,14,0,23,0,1,23,0,7,0,4,46,0,1,7,5,2,6,36,3,34,6,0,0,15,2,2,3,6,6,3,7,18,4,10,0,1,1,5,1,7,0,0,21,15,0,10,13,2,6,5,1,2,56,3,1,1,6,5,6,1,5,0,4,0,8,15,2,8,1,58,13,0,19,1,3,14,6
14:16:00,3,0,0,0,2,24,60,0,0,1,2,16,7,5,2,14,2,16,3,14,0,3,6,3,21,14,0,5,7,1,43,23,0,54,21,6,3,3,0,0,18,77,2,1,0,0,9,0,1,5,0,0,0,10,61,2,5,14,1,0,3,0,7,4,0,1,16,0,5,1,2,7,30,3,6,2,1,0,2,2,6,19,1,0,0,10,0,4,0,1,8,0,11,2,4,3,0,2,18,0
14:17:00,3,6,4,0,9,2,283,0,0,7,3,11,2,3,5,3,2,161,2,6,1,2,4,4,27,25,0,0,26,18,10,1,0,13,5,1,7,1,0,2,8,1,0,1,4,0,8,29,25,19,5,6,0,8,25,2,39,0,0,0,1,5,4,0,0,0,0,0,0,6,2,6,3,9,0,27,0,0,4,5,10,0,0,0,0,14,0,0,10,1,0,1,80,2,0,0,4,0,7,22
14:18:00,4,0,0,1,7,3,199,0,0,3,3,7,0,5,12,1,1,56,1,15,2,1,0,12,13,27,0,0,13,5,1,5,0,11,1,1,6,31,2,0,15,0,0,0,0,0,2,0,0,6,6,0,0,12,16,2,9,0,0,1,2,0,2,2,0,0,0,0,0,9,1,5,3,1,0,1,0,0,3,1,0,1,6,0,0,0,0,0,0,27,1,1,18,3,1,7,3,1,4,3
14:19:00,3,59,2,0,0,12,135,0,0,16,1,7,1,5,1,2,11,12,0,5,0,3,0,8,3,31,3,0,14,2,13,47,1,2,0,0,6,1,1,1,16,5,3,0,0,0,5,3,0,7,0,0,0,0,34,3,15,2,6,0,1,0,6,0,0,0,1,7,0,26,1,5,18,1,0,0,0,0,1,4,4,1,0,0,0,11,11,0,0,2,2,1,33,4,0,0,2,0,10,4
14:20:00,4,0,25,0,2,1,100,0,0,4,4,4,2,7,2,2,2,42,1,22,0,2,0,6,4,14,0,0,17,3,4,4,1,8,1,2,6,2,4,2,74,134,3,0,0,0,7,2,3,6,0,0,0,4,9,5,10,0,0,0,17,0,2,1,0,0,27,0,0,2,0,5,1,0,1,6,1,1,5,4,4,4,3,0,0,7,0,1,2,1,1,0,31,3,0,1,4,0,0,2
14:21:00,3,0,13,0,32,11,194,0,0,49,3,5,1,3,1,3,1,17,1,9,0,1,0,51,5,26,0,4,17,3,6,4,0,11,26,1,4,6,3,1,30,0,1,0,0,2,2,1,0,16,0,13,0,9,63,3,18,10,0,0,1,0,0,0,0,0,0,0,0,1,0,10,5,0,0,0,0,0,19,2,0,7,1,0,0,8,6,0,0,2,2,0,7,0,0,4,0,0,0,3
14:22:00,4,1,1,0,2,0,88,0,3,1,5,10,1,5,1,4,2,110,0,14,1,1,0,6,0,13,5,0,3,1,4,0,0,81,7,0,7,4,2,0,92,3,1,0,3,0,0,0,2,7,0,0,0,0,54,2,14,0,0,0,1,0,2,1,0,0,0,0,0,12,0,8,0,1,0,0,0,0,9,1,3,2,1,0,0,0,0,0,0,1,2,7,6,0,0,1,1,2,0,0
14:23:00,0,7,3,0,3,0,103,0,0,3,4,4,2,4,1,4,1,9,1,11,0,2,0,11,0,10,0,0,24,21,0,2,1,10,0,0,11,8,2,0,59,1,0,0,0,0,14,0,1,3,0,1,0,5,26,2,13,0,0,2,2,0,6,1,0,1,1,0,0,2,0,12,1,0,2,20,0,0,0,1,1,2,18,0,0,6,1,0,1,1,0,1,7,0,0,2,1,2,9,2
14:24:00,2,2,1,0,51,25,102,4,0,0,11,8,1,4,0,2,1,12,0,7,2,2,0,6,0,21,1,1,10,0,0,2,0,7,7,2,6,2,11,5,8,1,0,3,1,0,8,0,3,2,6,0,0,0,51,3,36,0,0,0,0,0,7,2,0,12,0,0,0,8,4,7,5,2,7,0,0,0,0,2,9,3,3,6,0,1,0,10,1,2,3,0,31,5,0,0,0,0,7,12
14:25:00,4,6,1,1,3,2,68,0,0,1,6,25,1,9,1,3,3,7,1,8,1,2,1,11,0,11,2,0,41,4,2,1,1,4,11,1,6,8,6,3,8,60,3,7,1,0,10,5,1,2,1,0,2,21,17,5,9,3,1,0,2,2,0,8,2,1,2,1,1,3,3,6,26,1,4,19,0,1,2,1,1,1,0,0,0,4,0,1,1,1,1,2,30,3,0,2,3,5,19,6
14:26:00,2,14,0,0,6,10,77,0,1,0,6,11,4,4,5,3,1,7,0,7,2,38,2,8,2,8,1,0,4,1,1,0,0,0,0,0,5,5,2,0,13,1,0,3,2,0,2,0,2,3,0,1,1,6,47,4,10,3,8,1,2,4,16,4,0,0,2,7,0,2,1,2,23,2,0,9,0,0,9,2,0,0,2,0,0,8,0,1,4,1,3,1,33,1,0,1,5,0,18,2
14:27:00,3,11,1,1,58,1,79,0,1,1,4,4,2,6,1,2,5,6,0,7,0,3,0,9,0,12,1,1,7,7,5,1,0,2,2,16,7,5,3,0,2,2,0,2,1,0,7,0,4,4,2,3,0,1,14,2,10,0,0,0,3,0,4,15,0,1,2,1,0,2,2,4,1,1,1,0,0,0,0,8,1,5,1,0,1,3,0,0,0,4,2,1,7,1,0,0,4,0,5,12
14:28:00,0,3,0,0,8,2,38,2,0,0,2,3,1,4,1,3,0,5,1,16,0,2,0,7,0,7,1,0,27,6,3,0,0,8,0,4,5,10,4,2,22,11,0,8,5,0,6,0,27,4,0,0,0,0,7,1,15,1,0,0,0,2,0,15,1,0,2,4,0,7,0,1,4,0,1,1,0,0,0,1,6,0,0,0,0,6,2,8,3,3,3,2,28,2,1,0,0,1,0,3
14:29:00,1,0,3,0,5,0,101,0,0,16,0,8,2,4,8,4,0,6,0,4,0,4,6,5,1,31,3,0,2,4,3,1,0,5,5,0,5,4,2,0,3,0,6,9,0,0,0,2,0,8,2,7,0,0,24,2,17,0,0,0,4,0,1,16,0,0,0,0,0,9,2,1,3,3,5,0,0,0,1,1,0,3,2,0,0,0,2,0,0,1,3,0,35,5,0,0,3,0,0,7
14:30:00,0,2,0,0,25,0,89,0,0,0,0,5,3,7,1,2,0,12,0,9,0,3,2,32,3,10,0,1,16,0,2,1,1,4,0,0,4,6,8,1,10,7,6,0,5,0,5,2,1,2,0,12,0,5,9,2,8,0,0,1,4,0,0,39,1,1,0,0,1,2,4,3,0,1,5,4,0,1,1,2,0,1,1,0,0,5,1,4,3,10,1,3,8,3,1,2,4,0,0,17
14:31:00,12,0,0,0,18,32,82,0,0,0,6,4,9,7,2,0,1,124,0,17,0,3,0,23,12,79,3,0,24,13,1,2,0,33,0,0,3,18,3,1,32,3,1,4,0,0,17,1,0,37,0,0,0,6,48,4,41,7,0,1,2,0,2,57,0,0,0,1,0,2,7,0,0,0,8,1,0,0,3,1,0,0,7,0,0,2,1,1,0,2,4,11,9,2,0,0,4,0,11,5
14:32:00,0,1,0,0,2,0,62,0,0,0,2,5,4,3,1,1,2,14,0,3,0,3,3,3,2,5,0,0,2,1,1,0,0,6,0,4,5,0,2,1,1,0,0,1,0,0,9,0,0,20,0,0,0,1,39,3,21,0,0,0,2,0,0,21,0,0,1,0,0,2,2,0,0,1,1,0,0,0,1,2,12,4,2,0,0,5,10,2,0,1,14,1,23,6,9,0,4,2,15,17
14:33:00,3,0,0,3,3,4,58,2,1,6,1,6,10,7,1,0,1,13,0,18,0,4,0,5,0,25,1,1,2,2,2,2,0,3,0,3,6,3,2,4,0,110,7,5,1,0,2,0,0,5,2,0,0,11,36,3,38,0,0,0,0,0,0,54,0,1,0,0,0,2,0,0,0,3,2,1,0,0,1,1,0,0,5,0,0,5,0,0,1,1,3,3,27,8,3,5,0,0,8,10
14:34:00,6,4,0,0,22,8,39,0,0,19,4,1,19,6,2,2,1,12,0,10,0,4,0,11,2,5,3,0,15,5,1,1,0,4,0,0,4,1,2,3,9,1,1,4,0,0,4,0,2,6,0,6,0,1,37,1,16,0,0,0,1,0,0,21,0,0,3,0,0,9,2,0,0,4,1,1,0,0,0,3,0,10,1,0,0,3,0,0,1,1,1,1,19,10,5,0,4,1,9,1
14:35:00,7,1,1,1,3,1,62,0,0,8,3,3,12,10,1,3,2,14,0,20,1,4,4,3,0,9,3,0,17,1,6,1,1,4,0,0,5,6,4,0,6,66,5,1,2,5,6,3,1,7,1,0,4,3,50,3,5,0,0,1,3,2,0,38,0,1,0,1,1,13,2,2,2,0,4,3,0,1,3,1,1,27,3,1,1,3,0,1,1,11,0,7,18,0,0,2,0,0,7,2
14:36:00,5,7,2,0,10,1,161,7,0,38,1,4,3,3,4,3,0,29,0,17,0,3,0,23,0,14,1,2,11,2,5,0,1,11,0,1,7,10,3,0,6,62,4,1,1,0,1,0,1,13,0,0,0,1,19,1,35,0,0,0,1,0,0,17,0,0,0,0,17,2,1,3,0,0,5,0,0,0,5,0,0,0,0,0,0,8,0,2,5,1,5,3,18,2,0,8,0,0,10,3
14:37:00,4,0,0,0,30,0,86,4,6,18,1,2,6,6,2,3,1,14,1,5,0,4,2,19,10,14,1,0,18,1,4,1,1,14,0,1,1,5,4,3,21,28,0,2,5,0,3,1,0,26,0,8,0,2,44,1,6,0,0,0,3,1,1,24,1,1,0,0,0,1,2,4,1,2,0,0,0,0,0,2,1,1,2,0,0,1,0,2,1,5,1,4,5,0,0,3,6,0,9,10
14:38:00,4,6,0,0,11,1,134,4,0,11,0,8,18,4,2,2,1,9,0,1,18,4,0,10,7,11,1,0,3,1,0,20,0,25,0,17,0,2,1,0,9,30,0,6,0,0,6,0,0,5,0,4,0,3,43,0,13,0,0,4,2,2,3,41,0,0,1,0,0,1,0,9,1,1,2,0,0,0,0,2,9,2,4,0,0,2,0,1,24,1,0,11,22,9,0,2,0,0,14,0
14:39:00,3,0,0,0,19,2,74,4,0,38,1,7,20,4,0,3,2,13,1,6,0,4,0,19,0,12,1,0,2,5,2,4,0,17,0,0,0,2,3,1,33,24,0,18,7,0,2,0,0,16,0,0,1,13,19,1,5,0,0,0,2,0,1,23,0,3,0,0,0,7,0,8,0,0,34,32,0,0,0,1,0,3,1,0,0,4,0,0,4,2,1,3,41,2,0,5,0,1,14,3
14:40:00,6,0,4,2,16,1,44,21,0,22,1,9,4,8,2,1,1,25,0,13,2,4,0,21,1,11,4,0,5,2,17,2,1,12,1,1,0,9,2,1,5,2,3,2,0,0,7,2,1,18,5,5,1,1,46,1,20,0,1,0,2,1,5,10,10,0,1,1,1,2,3,6,45,1,7,2,0,2,16,3,1,3,5,0,0,5,0,2,1,1,0,3,41,1,0,2,1,0,17,8
14:41:00,3,2,15,1,16,3,48,10,0,28,1,6,5,4,4,1,1,11,0,2,0,3,0,9,0,7,3,0,3,0,1,1,0,4,3,0,0,8,3,1,12,47,2,0,6,0,2,1,0,1,0,14,0,0,21,0,9,0,0,0,1,0,0,12,0,0,0,0,5,3,0,3,17,0,7,0,0,0,0,1,3,0,0,0,0,6,0,0,3,3,1,2,6,3,0,3,0,0,4,1
14:42:00,3,0,20,1,1,1,42,2,0,5,1,5,7,2,1,1,1,11,3,16,1,4,1,21,0,4,4,1,21,0,4,1,0,4,19,0,0,5,1,3,11,19,3,1,2,0,10,0,0,4,1,0,0,3,14,0,74,0,2,0,1,0,2,4,0,0,0,0,13,3,0,6,18,0,6,1,0,0,5,1,2,2,5,0,0,4,0,0,0,2,0,3,21,3,0,0,1,0,2,20
14:43:00,4,0,21,0,3,2,46,4,0,2,3,8,4,7,1,0,1,15,1,17,1,3,0,19,4,74,0,0,4,20,6,4,0,25,8,0,0,9,3,3,11,24,6,4,3,0,16,0,0,8,2,0,0,22,61,1,15,7,31,0,4,1,0,5,0,4,26,0,5,1,0,2,5,0,0,1,0,0,0,1,9,11,4,13,0,7,0,33,1,1,19,1,2,4,0,0,1,0,0,6
14:44:00,6,0,20,0,16,0,90,3,0,2,7,9,4,2,2,0,2,8,2,23,0,7,0,9,3,20,3,2,25,2,0,3,1,18,22,0,0,5,4,0,10,2,17,8,0,0,10,1,0,9,18,7,0,2,28,0,20,12,0,0,1,2,0,3,0,0,0,0,8,2,25,4,3,1,9,1,0,0,6,4,12,1,7,0,1,3,0,0,0,3,13,3,0,2,2,0,1,0,11,15
14:45:00,15,0,2,1,1,4,58,12,0,5,2,9,6,5,1,3,1,5,2,22,0,72,5,10,20,9,3,7,56,3,3,0,1,13,6,1,0,6,5,5,74,3,2,4,1,1,6,2,2,9,1,0,2,2,25,0,34,0,1,0,3,7,1,13,0,27,17,1,1,26,1,3,14,0,11,3,0,1,12,1,9,6,44,0,1,3,0,34,1,1,19,28,7,1,14,2,0,0,15,15
14:46:00,3,15,0,0,1,3,41,5,4,4,5,10,1,5,1,2,2,173,2,3,0,5,0,20,26,51,2,0,18,2,4,1,3,11,8,2,1,0,1,5,37,77,0,4,1,0,5,0,0,1,24,0,2,0,45,0,14,11,0,0,2,1,5,2,0,0,0,46,0,2,0,8,26,2,2,1,0,1,0,2,9,2,10,0,0,3,0,7,23,1,0,5,16,4,0,0,0,1,0,5
14:47:00,2,17,7,0,2,0,32,4,0,1,0,6,9,2,0,3,1,25,1,4,0,21,0,6,10,5,0,0,20,2,23,1,3,9,7,0,3,1,0,1,36,4,0,1,1,1,2,1,0,1,2,0,0,0,15,0,63,2,0,0,2,0,6,15,0,0,0,1,0,1,3,3,13,1,2,0,2,0,1,3,13,1,1,0,0,5,0,0,1,1,5,43,10,2,1,0,2,0,4,1
14:48:00,2,4,5,0,53,50,48,4,0,13,85,5,7,3,1,2,1,58,1,3,0,7,1,4,15,45,7,1,40,3,6,0,25,9,8,0,0,2,1,10,66,0,0,0,0,0,16,0,1,3,2,12,0,0,20,0,25,0,1,0,0,0,1,5,0,0,0,0,0,1,9,3,5,0,26,3,1,0,2,0,0,24,0,0,0,6,1,0,2,14,1,1,6,6,1,4,1,0,8,9
14:49:00,4,0,2,0,33,4,47,23,0,0,3,4,2,4,1,2,2,96,1,8,0,3,0,13,3,1,2,0,15,4,10,2,0,14,8,0,1,11,0,1,5,48,27,2,3,0,13,2,0,2,0,0,69,0,25,1,128,0,0,29,1,0,2,6,0,0,3,2,0,3,0,0,22,0,11,93,9,0,6,4,0,4,2,0,0,16,0,0,28,5,14,4,2,5,1,2,0,0,11,2
14:50:00,2,2,3,0,0,2,154,10,0,2,4,3,3,7,1,3,1,22,1,3,1,6,6,6,1,6,5,1,11,8,23,1,1,9,10,1,0,2,2,3,18,2,4,2,1,1,7,2,1,1,3,0,7,1,31,0,32,1,1,1,7,0,7,4,0,1,0,0,1,2,2,1,25,1,3,8,3,34,3,1,14,2,22,3,1,5,0,1,3,1,1,2,2,2,0,9,0,0,8,4
14:51:00,1,46,24,0,17,2,115,6,0,0,6,1,6,5,1,5,1,10,1,5,0,2,1,9,2,7,1,2,20,0,8,5,0,17,8,1,0,1,0,2,0,7,0,0,2,0,5,0,1,3,11,4,1,1,15,2,50,0,1,0,1,0,5,3,0,0,1,1,3,2,0,5,45,0,3,18,2,0,0,2,0,2,2,3,1,6,0,1,3,2,2,3,17,3,0,5,2,4,8,1
14:52:00,2,7,1,0,23,2,128,4,0,0,0,0,6,4,4,1,1,15,1,1,0,4,1,2,0,4,0,0,3,6,8,9,1,9,7,0,0,2,1,4,2,2,4,1,3,0,3,1,0,6,1,0,0,2,81,7,45,0,0,1,3,1,0,5,0,0,0,0,0,32,0,5,3,11,6,3,0,0,0,1,0,2,1,1,2,9,0,18,3,2,1,1,54,2,1,92,29,0,6,0
14:53:00,3,1,0,0,1,4,175,3,0,1,5,28,9,4,2,0,1,13,7,18,0,4,14,3,0,7,9,1,23,3,21,2,0,60,8,0,4,5,1,3,7,16,0,0,1,1,5,43,0,3,13,0,0,3,32,0,46,0,0,1,1,10,3,4,0,2,1,0,3,2,0,6,14,0,8,3,0,0,1,1,0,3,3,0,0,5,1,0,1,5,0,1,56,12,0,3,0,0,6,0
14:54:00,3,23,1,0,18,2,88,5,2,0,1,0,17,10,1,1,1,35,0,4,3,5,0,8,37,5,0,2,30,1,36,1,1,3,9,0,0,0,1,2,0,4,21,0,0,0,3,0,1,5,2,0,0,1,47,0,81,0,2,0,6,0,7,23,0,1,1,0,1,2,1,10,2,1,5,2,0,5,0,2,1,5,2,0,0,5,0,6,3,2,2,10,7,10,0,1,1,0,7,2
14:55:00,4,3,3,1,3,35,114,3,0,3,4,4,4,20,2,1,3,30,1,6,0,5,2,32,16,52,5,1,9,1,4,3,1,9,12,0,1,3,3,1,12,129,2,3,1,0,6,3,1,3,3,4,2,3,19,1,56,5,1,1,3,3,0,5,0,1,26,2,4,17,2,6,17,8,3,3,0,3,0,2,1,6,0,0,4,5,0,8,1,6,1,5,0,2,0,4,0,0,6,3
14:56:00,3,4,0,0,4,2,132,3,0,4,5,2,8,7,16,1,1,26,1,3,0,3,3,11,13,2,6,19,34,2,13,1,0,7,6,0,4,19,0,2,9,32,6,7,0,1,29,0,1,3,0,3,2,3,14,0,78,0,0,0,1,2,4,4,0,0,0,0,33,8,0,1,4,0,1,9,0,0,15,1,0,4,3,0,0,0,0,0,15,3,23,2,12,1,0,1,0,0,9,43
14:57:00,5,12,0,0,49,34,192,4,2,2,2,2,10,6,1,2,1,156,2,6,1,4,2,10,8,41,0,2,17,5,3,0,0,15,15,1,2,4,4,0,14,4,1,1,3,0,6,0,0,10,2,0,0,2,126,0,74,0,0,2,1,0,4,5,0,3,16,0,0,3,0,3,6,1,8,2,8,0,0,2,17,2,1,0,1,1,0,3,19,2,36,3,67,0,0,4,1,0,9,5
14:58:00,3,0,1,0,2,3,256,6,0,3,3,7,3,9,8,2,1,13,2,4,1,5,17,30,4,2,3,1,39,7,11,2,0,2,8,1,0,0,1,0,1,1,0,0,0,0,3,0,0,0,1,0,0,2,50,0,44,0,1,0,1,2,2,18,0,0,1,27,0,13,0,1,6,0,0,64,5,0,2,2,3,2,9,0,0,2,0,0,1,2,10,3,0,1,0,18,3,0,10,1
14:59:00,4,1,0,0,0,4,100,2,0,69,1,5,4,7,1,3,1,5,0,4,1,4,11,9,0,3,1,0,25,2,15,47,0,3,6,1,4,4,0,9,2,0,1,3,2,0,0,3,1,1,2,0,0,26,63,0,73,1,0,0,0,1,2,6,19,0,0,8,0,16,1,0,5,3,5,42,1,0,13,1,0,0,2,0,4,0,8,1,2,2,2,26,0,1,0,2,1,0,9,2
15:00:00,5,1,3,0,0,1,157,5,0,0,1,6,4,133,1,2,2,9,1,21,0,6,4,9,4,5,4,1,48,1,10,0,1,27,10,0,1,6,7,0,7,2,3,1,2,1,8,4,1,9,0,4,0,0,41,1,41,0,0,2,2,2,8,1,0,0,2,2,0,5,0,0,6,2,1,2,0,1,10,4,1,3,2,0,0,2,0,6,0,1,45,5,4,2,0,3,3,0,11,0
15:01:00,19,14,2,0,0,0,71,2,0,7,4,8,3,11,1,3,1,6,2,4,0,3,1,6,6,1,1,2,17,0,17,1,1,10,6,0,3,3,1,5,0,2,7,0,0,0,1,0,1,2,0,0,0,0,34,1,17,0,1,0,3,0,0,3,0,0,2,2,0,2,1,0,8,0,0,1,0,0,7,3,0,4,1,0,5,2,1,2,3,3,11,2,2,4,0,4,2,0,8,1
15:02:00,0,14,4,0,0,0,135,6,0,5,0,5,2,6,0,12,1,109,0,4,1,5,0,7,2,4,1,0,22,0,11,1,0,2,1,7,1,4,3,2,36,0,2,0,1,0,0,0,0,1,1,0,5,4,31,0,20,0,1,2,1,1,2,1,0,1,3,0,0,3,0,0,22,3,8,2,0,0,5,1,0,0,1,11,0,0,0,1,1,1,0,1,22,4,0,2,1,0,10,0
15:03:00,2,0,4,0,5,2,116,2,1,0,6,6,6,5,1,2,1,3,2,7,0,3,0,5,0,3,2,1,2,0,8,1,0,3,0,0,0,6,3,3,11,41,0,1,1,1,0,0,0,0,1,0,0,1,34,0,16,0,4,0,1,2,6,14,0,1,4,0,0,1,3,0,29,0,9,0,0,0,2,2,1,2,0,0,0,0,5,0,2,92,0,1,10,0,0,0,3,0,7,0
15:04:00,3,1,1,0,4,0,84,0,0,0,21,6,2,6,1,1,1,11,0,39,0,2,0,9,0,9,1,1,5,0,2,3,0,8,0,0,0,32,2,2,1,4,1,0,2,0,15,0,2,1,0,0,1,0,89,0,20,0,0,0,4,0,1,3,0,3,3,1,0,0,2,3,1,0,5,0,0,0,3,2,3,3,3,0,0,0,0,0,0,1,1,4,64,1,0,19,1,0,12,20
15:05:00,5,42,2,0,16,0,69,0,2,3,22,4,1,8,1,0,2,5,1,4,2,4,0,15,0,4,5,0,7,2,6,3,1,16,1,1,0,4,3,3,47,2,2,2,13,1,11,5,1,1,1,0,1,0,11,0,12,0,1,0,4,2,0,0,0,0,0,6,1,0,1,3,1,1,2,2,0,0,2,1,12,4,0,0,1,16,4,1,1,9,13,4,1,2,0,2,1,0,13,0
15:06:00,2,4,4,0,2,2,64,1,0,1,0,15,3,7,1,5,2,6,0,8,1,5,0,13,0,1,6,1,7,2,4,0,0,49,0,0,0,2,2,5,6,4,0,4,1,1,7,0,1,0,4,0,1,6,21,1,51,1,15,4,2,3,1,0,0,1,0,6,1,3,0,7,1,0,1,0,0,1,12,1,2,0,7,2,6,0,1,0,3,2,8,5,0,3,0,0,0,1,15,19
15:07:00,3,1,1,0,1,0,74,0,0,3,0,3,3,6,1,2,1,50,0,6,0,5,0,8,2,7,1,1,4,7,2,2,0,17,0,0,0,21,1,10,4,1,3,0,8,0,0,0,1,5,2,11,0,2,19,0,11,2,0,0,1,0,9,3,0,1,2,0,11,0,0,6,4,1,2,0,0,0,8,2,0,0,1,0,0,10,1,1,0,2,3,1,7,2,0,2,1,0,15,4
15:08:00,18,5,3,0,11,0,82,0,0,0,2,4,11,10,3,4,1,13,3,2,0,8,4,13,2,8,3,3,5,0,8,1,0,21,0,0,0,7,2,4,4,6,1,0,1,0,0,0,0,2,2,0,0,1,46,0,11,0,0,0,3,1,3,17,0,2,0,0,2,5,1,0,0,0,1,3,0,1,2,1,0,1,1,0,0,0,0,0,1,5,1,1,22,7,0,1,0,0,17,20
15:09:00,0,29,2,0,1,10,121,4,0,2,16,3,5,6,1,2,1,90,0,1,0,3,0,4,1,4,1,3,8,1,9,35,0,16,4,1,1,8,7,0,23,3,0,0,0,0,1,0,0,0,0,0,1,2,32,0,8,0,0,0,8,6,3,3,0,1,2,0,32,8,1,3,4,1,1,0,4,0,1,5,36,1,4,0,0,23,1,2,0,1,6,9,0,0,0,2,2,4,19,1
15:10:00,8,10,2,0,28,11,63,4,3,4,12,3,1,10,1,5,1,4,4,0,3,5,9,26,1,5,2,1,26,4,6,11,3,15,4,0,1,7,3,0,37,7,5,0,3,1,1,9,2,1,1,6,1,2,71,0,21,3,1,1,2,4,3,22,0,4,0,0,0,4,29,10,6,1,15,3,0,1,0,1,1,4,6,1,0,6,2,0,0,3,0,5,0,3,0,6,0,0,17,3
15:11:00,0,2,6,0,28,4,86,27,0,9,16,4,2,6,5,4,2,3,1,1,2,3,0,29,4,1,4,1,6,13,6,28,0,21,5,0,2,3,2,0,21,7,0,2,0,0,8,10,0,0,0,1,0,3,45,6,46,0,0,0,3,8,0,14,0,1,1,0,5,0,1,12,1,1,38,1,1,0,0,2,2,4,0,0,0,8,3,0,2,2,1,2,4,2,0,1,7,0,15,3
15:12:00,0,15,1,0,10,1,115,11,0,7,7,6,3,9,1,4,1,9,3,2,0,4,0,20,64,1,1,4,8,1,6,12,0,27,2,1,1,2,4,4,51,3,0,4,1,0,1,4,1,1,1,5,0,1,13,0,26,0,0,1,1,1,6,3,0,2,30,0,5,1,0,7,3,1,2,0,0,0,3,1,4,0,0,1,0,2,7,0,0,1,0,4,1,4,0,2,1,0,19,2
15:13:00,0,0,2,0,5,1,95,16,0,7,11,5,17,10,1,29,1,96,7,2,0,5,11,22,5,58,3,1,32,3,1,8,0,54,15,0,1,10,4,0,19,7,10,0,1,1,10,4,0,5,0,0,0,15,102,0,51,0,0,0,4,0,0,8,0,0,7,0,6,21,0,1,0,0,30,8,0,0,0,1,0,30,1,0,0,15,2,12,27,1,8,1,42,0,1,4,2,0,31,36
15:14:00,4,0,6,0,19,16,50,12,2,3,7,35,3,10,1,4,3,127,0,7,1,4,0,17,1,16,4,1,1,2,0,4,0,19,9,0,3,12,5,6,4,8,1,0,1,0,8,5,1,2,2,5,1,8,15,0,22,6,0,0,3,0,0,1,0,6,1,5,20,6,0,7,2,0,20,45,3,0,2,9,0,0,1,0,0,0,2,3,1,22,3,1,26,6,0,3,1,0,13,21
15:15:00,3,1,4,1,1,51,299,10,4,5,13,7,6,10,1,3,1,11,1,6,0,7,1,12,1,4,0,2,8,0,5,14,1,18,15,1,2,4,4,3,6,2,2,0,2,0,10,8,2,8,2,0,1,2,137,0,25,3,1,1,3,1,0,0,1,0,0,2,5,15,1,7,4,2,17,4,0,1,2,3,1,3,2,0,0,0,11,2,20,10,0,7,37,3,0,2,0,0,15,2
15:16:00,1,1,45,0,0,9,62,18,0,4,16,7,23,12,1,3,2,13,0,3,0,3,0,14,4,6,0,1,13,2,2,19,1,15,11,1,5,9,0,2,2,94,1,2,0,0,4,16,1,2,2,0,0,2,68,0,9,2,1,1,6,0,1,12,9,1,1,0,23,5,0,4,4,0,44,10,1,0,0,1,0,3,16,0,10,0,0,1,0,3,1,3,21,3,0,0,1,0,14,20
15:17:00,3,0,2,2,55,58,137,9,0,4,6,6,26,15,1,0,1,18,1,2,2,4,0,25,14,58,3,0,57,2,1,9,1,21,15,12,1,3,3,20,10,3,0,4,2,0,19,5,0,1,0,7,1,2,71,1,31,3,0,0,1,0,5,17,0,32,1,0,15,1,1,4,0,17,10,3,1,6,0,2,1,1,4,0,0,2,0,21,4,142,27,1,11,5,0,6,1,0,7,32
15:18:00,3,0,1,1,54,8,154,12,0,2,10,12,1,4,0,0,1,233,0,0,0,57,1,5,1,6,3,51,35,0,2,0,0,29,16,1,1,1,2,1,6,6,0,0,0,0,4,21,2,4,0,0,0,2,41,0,76,0,2,2,3,0,0,25,0,4,1,1,15,1,0,17,32,1,15,0,0,1,9,2,8,2,1,0,0,0,0,2,3,1,17,5,36,0,4,0,1,0,4,9
15:19:00,3,1,2,0,20,9,126,5,1,4,33,6,7,17,1,1,1,28,1,1,0,4,0,6,0,0,2,0,38,0,1,4,0,29,13,0,4,1,2,2,1,2,5,2,3,0,0,0,0,2,9,0,0,2,21,3,38,1,0,0,2,0,0,30,0,0,1,0,3,51,1,4,3,1,35,2,0,0,9,1,7,4,3,0,0,0,0,21,1,1,4,1,15,5,3,10,4,0,7,14
15:20:00,1,0,3,0,6,15,121,8,0,3,18,5,15,14,14,5,2,35,0,1,1,13,1,5,0,15,1,0,25,3,2,3,1,22,16,2,2,8,4,1,1,30,1,6,6,0,7,2,2,0,1,1,3,3,153,14,22,1,1,1,3,0,17,16,0,2,4,4,6,16,2,6,3,0,25,3,0,2,0,1,8,16,7,0,0,4,0,15,4,1,31,3,2,5,1,4,0,0,8,25
15:21:00,3,1,2,0,8,4,142,6,12,8,20,6,8,15,3,0,2,329,0,23,1,13,1,2,0,7,3,0,23,2,4,0,0,25,13,1,4,2,2,2,0,12,0,0,0,1,9,2,0,0,2,0,0,4,25,1,27,0,0,2,3,0,0,1,0,1,3,0,2,4,2,12,1,3,38,0,0,1,0,1,0,1,7,0,0,0,0,1,1,4,3,6,12,0,0,14,0,1,3,0
15:22:00,5,1,1,0,13,24,50,8,4,5,10,7,7,8,1,3,2,46,1,15,0,17,4,1,0,11,1,0,62,2,1,0,1,29,19,5,3,6,3,4,3,3,0,0,0,0,15,5,0,29,1,3,0,2,35,0,50,0,1,0,2,2,0,9,0,0,4,0,0,1,0,13,0,2,24,1,0,0,1,2,0,4,0,0,0,4,0,3,2,2,5,0,48,5,6,0,1,2,12,1
15:23:00,2,0,0,3,21,11,101,8,2,79,63,69,23,10,1,0,1,74,0,9,1,4,16,20,2,78,0,1,38,1,3,2,0,54,23,31,1,2,2,3,29,80,13,6,1,8,9,45,0,6,19,0,0,38,118,5,64,36,0,1,1,18,3,9,0,0,15,17,18,3,1,17,0,0,45,68,3,7,7,1,12,1,0,17,2,2,3,11,0,2,8,2,26,2,0,33,0,1,13,1
15:24:00,6,0,1,3,80,66,119,9,0,3,7,8,10,196,1,2,1,98,11,3,2,3,0,9,1,31,4,0,22,13,27,0,1,17,20,1,2,22,2,5,5,6,0,0,0,2,17,8,1,2,3,0,73,2,72,0,63,0,0,0,0,7,0,8,0,1,3,7,20,6,1,11,3,0,5,3,0,53,0,1,0,2,5,0,1,3,7,0,57,1,0,2,28,3,0,2,11,4,10,10
15:25:00,30,0,0,1,19,10,89,8,0,22,12,10,11,9,1,3,1,57,0,7,2,8,2,4,0,65,3,0,51,2,4,2,1,20,14,3,2,16,6,2,3,12,2,0,5,0,3,5,2,18,3,0,2,6,40,1,163,0,1,2,3,1,0,16,0,2,5,32,12,41,2,10,6,1,141,9,1,2,7,1,2,7,12,0,2,9,2,2,5,5,5,7,24,11,0,3,2,1,14,41
15:26:00,6,6,0,0,61,7,196,28,2,4,9,9,22,10,0,78,1,7,1,1,0,4,0,6,50,44,1,1,18,14,3,4,37,103,20,1,2,8,3,8,11,59,2,2,1,0,10,14,21,7,18,0,0,17,302,4,29,5,0,0,1,7,0,6,0,11,27,0,0,34,1,11,7,0,27,83,0,0,12,1,1,2,19,11,0,4,0,47,3,3,31,14,8,2,1,0,0,0,19,2
15:27:00,2,1,2,0,12,16,105,8,9,9,6,8,1,7,1,8,2,73,0,2,1,11,1,10,1,0,1,0,51,1,2,4,2,7,15,4,3,6,4,2,8,80,0,11,2,0,14,15,1,7,4,0,0,1,117,55,56,0,0,1,1,2,0,7,0,6,1,1,0,10,2,13,5,0,11,13,0,1,0,1,3,1,0,0,0,0,5,1,2,2,1,1,28,3,1,43,1,3,19,1
15:28:00,3,1,6,0,2,37,122,11,0,2,2,11,1,4,1,1,1,23,0,12,0,5,1,14,3,29,4,0,28,1,6,2,2,6,15,1,0,2,4,2,33,17,0,1,0,0,2,15,0,4,1,7,1,5,28,1,55,2,39,0,2,2,2,11,0,5,0,0,3,1,2,86,5,1,18,5,0,0,7,7,1,3,5,0,11,4,0,0,4,1,6,1,6,7,1,11,3,0,15,0
15:29:00,1,1,0,0,12,4,101,9,5,7,4,7,0,7,1,3,1,14,3,10,0,4,2,12,1,1,1,1,35,2,9,37,1,11,13,2,2,1,2,3,46,54,6,4,0,2,1,5,0,16,0,0,4,7,122,3,28,0,2,4,1,2,0,12,0,0,0,0,13,6,0,0,3,1,2,17,0,0,3,3,6,1,3,0,0,2,6,0,6,2,48,4,18,6,0,0,3,0,16,0
15:30:00,2,5,1,3,1,8,81,6,2,51,9,6,2,9,0,5,1,57,1,3,1,7,0,7,4,4,2,0,21,4,29,9,1,21,20,1,0,26,2,7,9,4,5,7,0,1,2,9,2,17,6,0,2,7,57,1,31,0,1,0,4,1,2,1,0,2,0,2,5,10,33,3,4,0,20,6,0,2,1,1,21,48,25,2,0,1,0,11,4,3,12,112,35,5,2,14,1,1,19,51
15:31:00,1,40,1,0,1,26,91,10,2,34,5,11,5,8,2,4,1,20,5,30,0,3,28,36,2,52,3,1,2,1,6,5,1,7,15,2,65,9,2,1,42,0,0,1,2,0,29,2,1,2,0,5,3,2,53,2,22,0,0,0,2,4,3,0,1,5,0,0,20,1,2,0,8,0,3,2,0,0,1,13,22,3,7,1,0,3,0,0,8,2,21,4,0,3,0,3,0,0,9,4
15:32:00,4,1,1,0,1,3,83,7,0,7,7,11,1,4,1,3,2,13,1,5,1,5,0,16,3,0,1,2,2,1,17,0,1,6,25,1,0,6,1,6,14,66,2,6,12,0,2,2,1,11,0,5,1,3,14,2,24,1,0,0,0,1,0,5,4,6,1,0,20,3,1,5,9,8,3,1,0,0,3,1,4,9,14,0,0,15,6,0,15,16,36,2,6,0,0,4,5,0,20,1
15:33:00,0,1,0,0,8,0,57,8,15,1,6,7,29,8,1,2,1,101,0,2,0,12,1,17,2,0,2,4,12,1,5,23,0,11,20,1,0,9,2,0,6,3,1,10,23,0,0,0,1,6,2,0,0,6,52,5,16,3,0,0,3,1,2,0,0,1,1,0,1,10,1,8,6,4,0,2,0,0,0,1,4,1,5,2,0,3,0,0,3,6,0,3,0,0,1,3,2,0,14,0
15:34:00,0,0,0,0,13,0,86,5,2,6,9,10,22,7,1,5,2,26,2,7,1,3,2,8,1,23,5,0,8,0,14,15,1,1,22,1,0,10,4,0,16,1,0,7,5,0,1,4,1,2,5,0,0,1,28,0,31,0,0,0,2,3,0,0,0,11,5,0,1,6,0,13,4,3,0,0,0,1,2,1,34,14,7,1,0,15,11,0,0,3,5,7,12,9,21,0,6,1,17,0
15:35:00,27,3,1,1,3,36,165,9,0,11,6,11,13,3,1,25,1,8,1,22,1,6,4,18,26,39,3,1,7,0,4,3,3,32,18,0,4,11,4,3,20,8,43,25,3,1,10,3,4,0,2,0,21,0,79,3,58,0,0,0,3,7,0,6,0,1,1,1,4,50,2,8,7,1,4,51,0,1,3,2,1,3,1,1,0,3,11,1,4,3,18,7,9,3,0,25,3,0,13,1
15:36:00,2,32,0,0,0,1,91,6,2,12,11,5,20,7,1,5,2,7,3,6,1,3,5,30,3,40,0,1,4,3,7,16,2,6,3,1,1,25,2,3,10,4,1,8,0,0,6,6,2,38,5,0,0,1,30,3,11,16,1,0,3,0,0,2,0,0,0,0,4,20,5,6,11,0,5,0,0,0,0,1,4,6,0,0,0,1,0,1,0,2,0,6,9,5,0,0,4,0,18,0
15:37:00,11,35,2,0,0,2,96,10,2,21,12,7,3,3,1,4,1,90,1,5,2,2,21,20,1,11,3,0,35,1,6,3,2,17,16,1,0,21,1,5,15,12,0,4,0,0,17,10,0,3,9,0,0,10,56,3,68,5,0,0,3,1,1,2,0,9,1,9,12,2,0,5,9,0,4,29,9,0,2,1,5,67,0,9,0,11,0,14,21,1,0,12,17,13,0,0,2,0,6,0
15:38:00,2,24,0,0,0,22,65,10,1,12,8,11,11,6,1,0,2,35,2,21,1,6,4,12,9,30,1,1,7,16,31,5,0,48,16,2,0,10,5,1,49,113,7,12,0,0,10,27,0,4,15,0,0,2,19,1,18,17,8,2,1,0,0,3,0,1,0,0,30,17,0,8,6,3,2,29,0,0,0,2,0,0,8,0,0,5,9,0,27,1,5,1,1,0,1,17,2,0,2,46
15:39:00,3,2,1,0,13,3,125,10,0,2,12,4,2,5,1,0,1,131,1,9,7,3,1,10,12,29,1,3,9,7,12,1,2,6,18,5,4,1,6,1,17,92,2,4,0,0,5,2,1,4,10,0,0,2,110,2,76,15,0,0,3,1,0,1,0,3,5,0,1,2,0,13,5,0,0,9,0,0,2,0,1,1,0,0,0,21,1,0,39,0,32,1,36,1,0,18,6,3,1,16
15:40:00,6,1,1,2,6,3,97,9,10,6,12,16,8,5,1,1,2,49,2,9,0,6,4,17,7,42,2,0,9,5,10,13,1,6,26,2,4,1,14,8,17,40,6,16,0,0,7,5,5,13,6,1,3,4,48,2,16,2,2,1,3,8,0,8,0,1,6,0,11,48,1,9,2,8,7,8,0,1,0,1,4,25,1,0,0,7,1,13,9,0,6,3,0,3,1,3,5,0,8,21
15:41:00,6,1,1,1,125,1,94,12,1,3,8,15,8,6,0,3,1,184,2,18,0,4,3,5,4,9,4,2,55,8,2,0,1,19,15,22,0,7,1,2,43,43,0,10,4,1,6,1,0,5,0,0,11,3,64,14,32,3,0,0,2,22,0,0,0,0,3,0,10,24,1,6,2,5,31,8,0,1,0,3,6,2,3,0,2,7,2,2,10,10,16,2,4,8,0,0,6,0,6,22
15:42:00,114,2,0,1,40,36,533,36,0,19,14,7,34,6,11,2,1,259,0,29,0,4,3,6,4,53,3,1,3,9,2,4,2,20,17,2,0,15,1,10,30,20,28,6,7,22,10,2,0,0,0,0,0,3,100,1,88,22,0,0,2,0,0,0,0,1,44,13,24,1,0,9,2,2,16,11,5,62,0,3,37,12,3,0,1,1,2,5,3,1,40,2,1,3,0,0,1,0,5,3
15:43:00,4,2,1,0,5,14,248,9,0,21,11,83,13,10,1,3,2,65,0,6,1,4,6,3,5,58,1,44,50,1,19,7,21,19,14,0,0,2,4,10,73,39,4,6,0,0,13,19,0,0,20,0,2,1,49,2,35,12,0,1,5,0,0,4,0,2,1,0,17,51,1,19,1,1,0,1,0,2,11,1,14,0,1,18,0,26,3,0,37,2,0,3,13,6,0,0,13,5,0,18
15:44:00,4,0,70,0,1,5,165,2,0,14,14,4,1,7,1,5,3,81,0,3,0,84,5,7,7,10,2,0,8,12,0,4,7,98,14,0,0,4,3,8,15,8,0,4,0,0,5,70,1,0,1,2,3,8,96,2,38,3,0,4,2,0,0,6,0,0,0,0,0,6,0,18,4,2,4,2,0,3,0,1,19,2,2,0,1,7,8,105,5,3,18,4,10,5,0,0,3,2,0,7
15:45:00,13,28,4,0,4,5,87,5,0,6,40,11,1,9,6,71,1,81,1,5,0,11,6,3,2,16,0,2,8,11,5,8,3,23,15,3,0,5,5,3,17,13,3,6,9,0,1,18,2,0,4,0,1,13,37,2,87,3,1,0,15,0,10,15,0,1,5,1,19,13,10,14,6,2,3,4,0,4,5,4,1,2,6,1,1,0,2,2,9,1,3,7,4,6,0,60,10,0,6,37
15:46:00,9,13,7,0,14,14,90,2,2,30,25,30,2,10,2,4,3,58,2,8,0,3,2,7,4,9,4,1,20,84,5,7,1,17,27,5,2,8,5,0,4,57,0,13,1,2,1,8,4,0,1,0,2,1,34,5,34,3,0,0,280,1,1,2,0,13,5,0,2,13,16,24,1,2,25,1,0,1,1,1,1,5,19,0,1,6,1,5,6,1,9,7,15,0,1,3,10,0,11,14
15:47:00,1,1,14,0,7,8,148,5,9,24,23,25,19,17,7,4,1,40,2,8,0,6,5,2,1,55,2,0,3,63,6,6,2,29,12,2,3,5,1,4,7,59,14,9,0,0,20,9,3,0,4,0,0,3,55,3,19,10,1,1,12,0,0,5,0,0,9,0,5,11,2,10,0,0,14,8,10,1,7,1,2,13,2,6,0,26,4,0,1,5,19,4,13,1,0,0,3,1,14,0
15:48:00,14,3,44,0,8,10,169,0,4,4,19,21,9,17,1,8,2,94,2,8,0,1,6,6,6,6,4,5,3,3,12,5,0,22,15,2,2,43,3,2,11,4,4,2,16,1,16,28,1,0,0,0,8,0,25,4,10,10,3,1,2,0,5,5,4,0,0,0,11,5,3,9,1,0,28,4,0,0,2,2,13,27,5,11,1,10,2,8,27,2,1,7,2,11,0,1,13,1,14,23
15:49:00,16,1,2,19,9,14,66,0,2,6,13,8,5,16,8,9,2,70,1,10,2,0,3,3,4,40,3,0,33,2,6,14,27,36,16,3,0,12,1,7,19,11,4,5,0,3,6,12,5,0,1,6,0,3,34,4,82,0,1,0,3,0,16,23,8,2,6,13,25,30,4,13,2,0,14,2,0,0,0,8,1,18,1,0,0,9,3,1,19,1,17,2,2,0,0,0,6,1,0,0
15:50:00,10,1,9,1,42,6,57,8,3,22,27,12,2,23,0,52,1,44,1,7,26,4,14,1,3,46,1,0,25,2,12,13,4,119,13,3,3,11,4,5,14,5,3,3,0,0,28,76,4,6,1,0,5,3,116,1,55,7,2,14,17,1,2,11,1,21,30,1,17,7,10,15,5,3,34,4,1,7,0,3,8,29,5,0,0,24,3,1,14,0,0,2,3,1,0,2,12,0,11,27
15:51:00,26,2,14,2,14,16,247,1,5,4,73,19,11,24,3,7,1,175,1,27,3,25,2,59,48,81,1,8,64,12,12,246,1,90,17,35,4,55,7,21,41,64,6,10,12,11,35,15,3,4,0,0,14,3,98,3,68,21,1,0,9,0,0,12,0,5,5,2,21,63,7,17,5,33,27,8,1,59,3,3,15,27,7,0,2,13,6,0,67,5,5,10,8,0,1,3,4,2,24,32
15:52:00,4,1,10,5,6,7,178,0,3,1,14,10,0,26,2,2,26,71,3,2,1,32,1,37,12,58,2,0,41,9,4,10,0,87,12,7,2,16,142,12,20,71,11,7,0,11,6,4,21,5,2,1,4,16,79,4,138,11,2,3,20,1,2,8,15,32,27,10,15,4,1,15,20,11,59,5,0,6,2,6,7,3,1,6,0,21,8,26,13,22,26,5,41,4,1,13,11,0,14,47
15:53:00,11,1,7,27,50,8,162,0,5,1,15,11,2,14,4,12,1,163,2,12,0,14,0,35,10,25,3,0,13,6,11,14,0,115,15,7,2,37,17,2,95,5,36,1,4,3,13,5,3,6,12,1,3,3,121,4,31,0,61,1,5,13,0,5,0,2,8,5,16,17,21,15,34,4,3,15,0,2,2,4,20,23,9,1,1,19,2,47,5,3,43,2,8,13,1,51,11,1,12,15
15:54:00,10,57,17,52,156,50,120,35,6,56,12,103,21,46,8,59,4,295,0,15,18,14,28,9,10,46,2,1,54,19,18,14,1,85,18,7,3,19,15,19,33,34,27,8,5,6,32,186,2,0,62,0,35,34,55,2,80,3,27,0,15,20,3,9,0,4,8,2,4,6,58,24,0,0,44,104,30,1,6,6,3,16,3,11,2,3,6,18,43,3,3,51,56,1,3,2,19,1,7,3
15:55:00,5,0,19,0,57,18,180,6,15,9,25,9,4,48,3,14,1,52,2,4,0,19,1,5,7,51,2,8,52,3,10,2,1,96,15,1,16,35,8,12,21,37,6,0,1,3,21,14,2,0,12,0,2,1,42,3,73,0,4,1,13,2,0,13,0,4,8,0,2,4,3,18,5,7,7,22,1,3,0,5,14,10,6,5,2,9,2,1,14,7,9,190,13,0,1,3,18,0,17,56
15:56:00,7,0,0,0,82,0,180,2,2,8,21,10,11,389,2,7,5,77,6,14,0,4,0,1,25,13,31,21,48,5,1,5,3,104,15,1,5,4,86,16,20,15,17,0,7,0,21,6,0,2,6,0,2,21,84,8,60,7,0,4,13,0,12,10,0,5,9,7,23,47,5,141,7,3,29,2,0,0,1,1,1,46,8,3,0,16,1,4,3,7,1,110,20,5,3,1,12,1,11,32
15:57:00,51,0,31,0,34,0,246,5,4,43,6,9,1,60,7,20,2,248,7,1,1,4,1,0,36,44,2,22,51,20,3,9,1,115,12,1,17,5,26,6,39,94,5,2,4,1,0,11,0,12,3,8,11,5,106,5,25,7,1,2,12,0,0,13,0,2,8,0,3,39,4,40,12,0,12,12,1,15,9,6,4,12,21,0,0,31,2,4,23,3,1,21,28,0,0,1,20,0,21,3
15:58:00,6,1,8,0,24,2,191,22,2,11,8,15,5,43,3,2,3,118,5,15,0,31,4,1,21,25,7,27,66,7,3,7,7,109,10,9,13,10,42,7,5,12,28,0,1,0,13,29,1,2,9,0,20,3,89,17,116,6,1,14,4,7,1,8,3,9,9,0,2,6,5,34,16,2,18,13,0,14,1,0,21,1,6,1,1,8,9,23,37,4,34,35,11,2,6,22,18,3,11,3
15:59:00,16,73,18,3,26,22,201,46,4,20,14,39,5,104,7,13,3,137,7,16,4,19,21,1,18,30,7,9,97,10,35,18,14,207,13,11,7,14,9,21,14,13,6,6,2,4,21,19,2,3,11,0,15,10,74,13,175,22,3,12,6,21,8,11,1,7,43,3,28,33,23,29,132,18,55,9,17,21,0,3,13,24,31,11,2,30,2,17,36,29,4,40,16,0,28,36,170,3,36,50
16:00:00,11,30,25,9,13,7,112,12,6,21,42,17,18,89,8,13,7,70,3,13,11,6,11,27,13,69,25,6,70,14,8,19,7,86,10,31,2,39,38,10,51,88,10,12,2,3,19,23,28,1,11,2,13,17,114,8,79,5,4,6,14,9,14,16,2,21,22,11,27,23,12,12,24,5,31,88,11,32,0,3,34,43,22,8,0,22,16,15,29,24,7,40,23,0,1,23,33,5,25,17
